/*
SQLyog Community v12.4.1 (64 bit)
MySQL - 5.7.17-log : Database - shop_moto
*********************************************************************
*/

/*!40101 SET NAMES utf8 */;

/*!40101 SET SQL_MODE=''*/;

/*!40014 SET @OLD_UNIQUE_CHECKS=@@UNIQUE_CHECKS, UNIQUE_CHECKS=0 */;
/*!40014 SET @OLD_FOREIGN_KEY_CHECKS=@@FOREIGN_KEY_CHECKS, FOREIGN_KEY_CHECKS=0 */;
/*!40101 SET @OLD_SQL_MODE=@@SQL_MODE, SQL_MODE='NO_AUTO_VALUE_ON_ZERO' */;
/*!40111 SET @OLD_SQL_NOTES=@@SQL_NOTES, SQL_NOTES=0 */;
CREATE DATABASE /*!32312 IF NOT EXISTS*/`shop_moto` /*!40100 DEFAULT CHARACTER SET utf8mb4 */;

USE `shop_moto`;

/*Table structure for table `categories` */

DROP TABLE IF EXISTS `categories`;

CREATE TABLE `categories` (
  `id` bigint(20) unsigned NOT NULL AUTO_INCREMENT,
  `name` varchar(150) DEFAULT NULL,
  PRIMARY KEY (`id`)
) ENGINE=InnoDB AUTO_INCREMENT=26 DEFAULT CHARSET=utf8mb4;

/*Data for the table `categories` */

insert  into `categories`(`id`,`name`) values 
(1,'Thùng GIVI'),
(2,'Thùng giữa xe máy (GIVI)'),
(3,'Baga GiVi'),
(4,'Baga Inox'),
(5,'Quần Áo MOTOR'),
(6,'Giày MOTOR'),
(7,'Găng Tay motor, xe máy'),
(8,'Đồ Đi Mưa GIVI'),
(9,'Giáp Bảo Vệ'),
(10,'Kính mát- Kính off road- Kính thay'),
(11,'Quần Áo Thời Trang'),
(12,'Mũ(Nón) bảo hiểm fullface'),
(13,'Mũ(Nón) bảo hiểm fullface lật cằm (Flip up)'),
(14,'Mũ(Nón) bảo hiểm off road'),
(15,'Mũ(Nón) bảo hiểm 3/4 cao cấp'),
(16,'Mũ(Nón) bảo hiểm 3/4 Bulldog'),
(17,'Mũ(Nón) bảo hiểm 3/4 Royal'),
(18,'Mũ(Nón) bảo hiểm 3/4 ASIA'),
(19,'Mũ(Nón) bảo hiểm 3/4 Cafe Racer (Dammtrax)'),
(20,'Mũ bảo hiểm 1/2 (nửa) đầu'),
(21,'Túi Hít Bình Xăng motor'),
(22,'Túi Đeo Bụng, Đeo Đùi- Túi Treo Hông MOTO, Xe Máy'),
(23,'Balo Chống Thấm Nước- Balo Đi Phượt'),
(24,'Đèn pin - Đèn Led'),
(25,'Đồ đi phượt');

/*Table structure for table `images` */

DROP TABLE IF EXISTS `images`;

CREATE TABLE `images` (
  `id` bigint(20) unsigned NOT NULL AUTO_INCREMENT,
  `image_url` varchar(150) DEFAULT NULL,
  `product_id` bigint(20) unsigned DEFAULT NULL,
  PRIMARY KEY (`id`),
  KEY `product_id` (`product_id`),
  CONSTRAINT `images_ibfk_1` FOREIGN KEY (`product_id`) REFERENCES `products` (`id`) ON DELETE CASCADE ON UPDATE CASCADE
) ENGINE=InnoDB AUTO_INCREMENT=701 DEFAULT CHARSET=utf8mb4;

/*Data for the table `images` */

insert  into `images`(`id`,`image_url`,`product_id`) values 
(1,'image//BoxGIVI/1.jpg',1),
(2,'image//BoxGIVI/2.jpg',2),
(3,'image//BoxGIVI/3.jpg',3),
(4,'image//BoxGIVI/4.jpg',4),
(5,'image//BoxGIVI/5.jpg',5),
(6,'image//BoxGIVI/6.jpg',6),
(7,'image//BoxGIVI/7.jpg',7),
(8,'image//BoxGIVI/8.jpg',8),
(9,'image//BoxGIVI/9.jpg',9),
(10,'image//BoxGIVI/10.jpg',10),
(11,'image//BoxGIVI/11.jpg',11),
(12,'image//BoxGIVI/12.jpg',12),
(13,'image//BoxGIVI/13.jpg',13),
(14,'image//BoxGIVI/14.jpg',14),
(15,'image//BoxGIVI/15.jpg',15),
(16,'image//BoxGIVI/16.png',16),
(17,'image//BoxGIVI/17.png',17),
(18,'image//BoxGIVI/18.png',18),
(19,'image//BoxGIVI/19.jpg',19),
(20,'image//BoxGIVI/20.png',20),
(21,'image//BoxGIVI/21.png',21),
(22,'image//BoxGIVI/22.jpg',22),
(23,'image//BoxGIVI/23.jpg',23),
(24,'image//BoxGIVI/24.jpg',24),
(25,'image//BoxGIVI/25.jpg',25),
(26,'image//BoxGIVI/26.jpg',26),
(27,'image//BoxGIVI/27.jpg',27),
(28,'image//BoxGIVI/28.jpg',28),
(29,'image//BoxGIVI/29.jpg',29),
(30,'image//BoxGIVI/30.jpg',30),
(31,'image//BoxGIVI/31.jpg',31),
(32,'image//BoxGIVI/32.jpg',32),
(33,'image//BoxGIVI/33.jpg',33),
(34,'image//BoxGIVI/34.jpg',34),
(35,'image//BoxGIVI/35.jpg',35),
(36,'image//BoxGIVI/36.jpg',36),
(37,'image//BoxGIVI/37.jpg',37),
(38,'image//BoxGIVI/38.jpg',38),
(39,'image//BoxGIVI/39.jpg',39),
(40,'image//BoxGIVI/40.png',40),
(41,'image//CarBoxGIVI/1.jpg',41),
(42,'image//CarBoxGIVI/2.jpg',42),
(43,'image//CarBoxGIVI/3.jpg',43),
(44,'image//CarBoxGIVI/4.jpg',44),
(45,'image//CarBoxGIVI/5.jpg',45),
(46,'image//CarBoxGIVI/6.jpg',46),
(47,'image//CarBoxGIVI/7.png',47),
(48,'image//CarBoxGIVI/8.png',48),
(49,'image//CarBoxGIVI/9.jpg',49),
(50,'image//CarBoxGIVI/10.jpg',50),
(51,'image//CarBoxGIVI/11.jpg',51),
(52,'image//CarBoxGIVI/12.png',52),
(53,'image//CarBoxGIVI/13.jpg',53),
(54,'image//CarBoxGIVI/14.png',54),
(55,'image//CarBoxGIVI/15.jpg',55),
(56,'image//BaGaGIVI/1.jpg',56),
(57,'image//BaGaGIVI/2.jpg',57),
(58,'image//BaGaGIVI/3.png',58),
(59,'image//BaGaGIVI/4.png',59),
(60,'image//BaGaGIVI/5.png',60),
(61,'image//BaGaGIVI/6.png',61),
(62,'image//BaGaGIVI/7.jpg',62),
(63,'image//BaGaGIVI/8.jpg',63),
(64,'image//BaGaGIVI/9.jpg',64),
(65,'image//BaGaGIVI/10.jpg',65),
(66,'image//BaGaGIVI/11.png',66),
(67,'image//BaGaGIVI/12.jpg',67),
(68,'image//BaGaGIVI/13.jpg',68),
(69,'image//BaGaGIVI/14.png',69),
(70,'image//BaGaGIVI/15.jpg',70),
(71,'image//BaGaGIVI/16.jpg',71),
(72,'image//BaGaGIVI/17.jpg',72),
(73,'image//BaGaGIVI/18.jpg',73),
(74,'image//BaGaGIVI/19.jpg',74),
(75,'image//BaGaGIVI/20.jpg',75),
(76,'image//BaGaGIVI/21.jpg',76),
(77,'image//BaGaGIVI/22.jpg',77),
(78,'image//BaGaGIVI/23.jpg',78),
(79,'image//BaGaGIVI/24.jpg',79),
(80,'image//BaGaGIVI/25.jpg',80),
(81,'image//BaGaGIVI/26.jpg',81),
(82,'image//BaGaGIVI/27.jpg',82),
(83,'image//BaGaGIVI/28.jpg',83),
(84,'image//BaGaGIVI/29.jpg',84),
(85,'image//BaGaGIVI/30.png',85),
(86,'image//BaGaGIVI/31.jpg',86),
(87,'image//BaGaGIVI/32.jpg',87),
(88,'image//BaGaGIVI/33.png',88),
(89,'image//BaGaGIVI/34.jpg',89),
(90,'image//BaGaGIVI/35.png',90),
(91,'image//BaGaGIVI/36.jpg',91),
(92,'image//BaGaGIVI/37.jpg',92),
(93,'image//BaGaGIVI/38.jpg',93),
(94,'image//BaGaGIVI/39.png',94),
(95,'image//BaGaGIVI/40.jpg',95),
(96,'image//BaGaGIVI/41.jpg',96),
(97,'image//BaGaGIVI/42.jpg',97),
(98,'image//BaGaGIVI/43.jpg',98),
(99,'image//BaGaGIVI/44.jpg',99),
(100,'image//BaGaGIVI/45.jpg',100),
(101,'image//BaGaGIVI/46.jpg',101),
(102,'image//BaGaGIVI/47.jpg',102),
(103,'image//BaGaGIVI/48.jpg',103),
(104,'image//BaGaGIVI/49.jpg',104),
(105,'image//BaGaGIVI/50.jpg',105),
(106,'image//BaGaGIVI/51.jpg',106),
(107,'image//BaGaGIVI/52.jpg',107),
(108,'image//ClothesMoTo/1.jpg',108),
(109,'image//ClothesMoTo/2.jpg',109),
(110,'image//ClothesMoTo/3.jpg',110),
(111,'image//ClothesMoTo/4.jpg',111),
(112,'image//ClothesMoTo/5.jpg',112),
(113,'image//ClothesMoTo/6.jpg',113),
(114,'image//ClothesMoTo/7.jpg',114),
(115,'image//ClothesMoTo/8.jpg',115),
(116,'image//ClothesMoTo/9.jpg',116),
(117,'image//ClothesMoTo/10.jpg',117),
(118,'image//ClothesMoTo/11.jpg',118),
(119,'image//ClothesMoTo/12.jpg',119),
(120,'image//ClothesMoTo/13.jpg',120),
(121,'image//ClothesMoTo/14.jpg',121),
(122,'image//ClothesMoTo/15.jpg',122),
(123,'image//ClothesMoTo/16.jpg',123),
(124,'image//ClothesMoTo/17.jpg',124),
(125,'image//ClothesMoTo/18.jpg',125),
(126,'image//ClothesMoTo/19.jpg',126),
(127,'image//ClothesMoTo/20.jpg',127),
(128,'image//ClothesMoTo/21.jpg',128),
(129,'image//ClothesMoTo/22.jpg',129),
(130,'image//ClothesMoTo/23.jpg',130),
(131,'image//ClothesMoTo/24.png',131),
(132,'image//ClothesMoTo/25.png',132),
(133,'image//ClothesMoTo/26.jpg',133),
(134,'image//ClothesMoTo/27.jpg',134),
(135,'image//ClothesMoTo/28.jpg',135),
(136,'image//ClothesMoTo/29.jpg',136),
(137,'image//ClothesMoTo/30.jpg',137),
(138,'image//ClothesMoTo/31.png',138),
(139,'image//Shoe/1.jpg',139),
(140,'image//Shoe/2.jpg',140),
(141,'image//Shoe/3.jpg',141),
(142,'image//Shoe/4.jpg',142),
(143,'image//Shoe/5.jpg',143),
(144,'image//Shoe/6.jpg',144),
(145,'image//Shoe/7.jpg',145),
(146,'image//Shoe/8.jpg',146),
(147,'image//Shoe/9.png',147),
(148,'image//Shoe/10.png',148),
(149,'image//Shoe/11.png',149),
(150,'image//Shoe/12.jpg',150),
(151,'image//Shoe/13.jpg',151),
(152,'image//Shoe/14.jpg',152),
(153,'image//Shoe/15.jpg',153),
(154,'image//Shoe/16.jpg',154),
(155,'image//Shoe/17.jpg',155),
(156,'image//Shoe/18.jpg',156),
(157,'image//Shoe/19.jpg',157),
(158,'image//Shoe/20.jpg',158),
(159,'image//Shoe/21.jpg',159),
(160,'image//GlovesMoTo/1.jpg',160),
(161,'image//GlovesMoTo/2.jpg',161),
(162,'image//GlovesMoTo/3.jpg',162),
(163,'image//GlovesMoTo/4.jpg',163),
(164,'image//GlovesMoTo/5.jpg',164),
(165,'image//GlovesMoTo/6.png',165),
(166,'image//GlovesMoTo/7.png',166),
(167,'image//GlovesMoTo/8.jpg',167),
(168,'image//GlovesMoTo/9.jpg',168),
(169,'image//GlovesMoTo/10.jpg',169),
(170,'image//GlovesMoTo/11.jpg',170),
(171,'image//GlovesMoTo/12.png',171),
(172,'image//GlovesMoTo/13.png',172),
(173,'image//GlovesMoTo/14.png',173),
(174,'image//GlovesMoTo/15.jpg',174),
(175,'image//GlovesMoTo/16.jpg',175),
(176,'image//GlovesMoTo/17.png',176),
(177,'image//GlovesMoTo/18.png',177),
(178,'image//GlovesMoTo/19.png',178),
(179,'image//GlovesMoTo/20.png',179),
(180,'image//GlovesMoTo/21.png',180),
(181,'image//GlovesMoTo/22.jpg',181),
(182,'image//GlovesMoTo/23.jpg',182),
(183,'image//GlovesMoTo/24.jpg',183),
(184,'image//GlovesMoTo/25.jpg',184),
(185,'image//GlovesMoTo/26.jpg',185),
(186,'image//GlovesMoTo/27.jpg',186),
(187,'image//GlovesMoTo/28.jpg',187),
(188,'image//GlovesMoTo/29.jpg',188),
(189,'image//GlovesMoTo/30.jpg',189),
(190,'image//GlovesMoTo/31.jpg',190),
(191,'image//GlovesMoTo/32.png',191),
(192,'image//GlovesMoTo/33.jpg',192),
(193,'image//GlovesMoTo/34.png',193),
(194,'image//GlovesMoTo/35.png',194),
(195,'image//GlovesMoTo/36.jpg',195),
(196,'image//GlovesMoTo/37.jpg',196),
(197,'image//GlovesMoTo/38.jpg',197),
(198,'image//GlovesMoTo/39.jpg',198),
(199,'image//GlovesMoTo/40.jpg',199),
(200,'image//GlovesMoTo/41.jpg',200),
(201,'image//GlovesMoTo/42.png',201),
(202,'image//GlovesMoTo/43.png',202),
(203,'image//GlovesMoTo/44.jpg',203),
(205,'image//RainGear/1.jpg',205),
(206,'image//RainGear/2.jpg',206),
(207,'image//RainGear/3.jpg',207),
(208,'image//RainGear/4.jpg',208),
(209,'image//RainGear/5.jpg',209),
(210,'image//RainGear/6.png',210),
(211,'image//RainGear/7.png',211),
(212,'image//RainGear/8.png',212),
(213,'image//RainGear/9.png',213),
(214,'image//RainGear/10.png',214),
(215,'image//RainGear/11.jpg',215),
(216,'image//RainGear/12.jpg',216),
(217,'image//ArmorProtection/1.png',217),
(218,'image//ArmorProtection/2.png',218),
(219,'image//ArmorProtection/3.png',219),
(220,'image//ArmorProtection/4.png',220),
(221,'image//ArmorProtection/5.png',221),
(222,'image//ArmorProtection/6.png',222),
(223,'image//ArmorProtection/7.jpg',223),
(224,'image//ArmorProtection/8.jpg',224),
(225,'image//ArmorProtection/9.jpg',225),
(226,'image//Glasses/1.jpg',226),
(227,'image//Glasses/2.jpg',227),
(228,'image//Glasses/3.jpg',228),
(229,'image//Glasses/4.jpg',229),
(230,'image//Glasses/5.jpg',230),
(231,'image//Glasses/6.jpg',231),
(232,'image//Glasses/7.jpg',232),
(233,'image//Glasses/8.jpg',233),
(234,'image//Glasses/9.jpg',234),
(235,'image//Glasses/10.jpg',235),
(236,'image//Glasses/11.jpg',236),
(237,'image//Glasses/12.jpg',237),
(238,'image//Glasses/13.jpg',238),
(239,'image//Glasses/14.jpg',239),
(240,'image//Glasses/15.jpg',240),
(241,'image//Glasses/16.jpg',241),
(242,'image//Glasses/17.jpg',242),
(243,'image//Glasses/18.jpg',243),
(244,'image//Glasses/19.jpg',244),
(245,'image//Glasses/20.jpg',245),
(246,'image//Glasses/21.jpg',246),
(247,'image//Glasses/22.jpg',247),
(248,'image//Glasses/23.jpg',248),
(249,'image//Glasses/24.jpg',249),
(250,'image//Glasses/25.jpg',250),
(251,'image//Glasses/26.jpg',251),
(252,'image//Glasses/27.jpg',252),
(253,'image//Glasses/28.jpg',253),
(254,'image//Glasses/29.jpg',254),
(255,'image//Glasses/30.jpg',255),
(256,'image//Glasses/31.jpg',256),
(257,'image//Glasses/32.jpg',257),
(258,'image//Glasses/33.jpg',258),
(259,'image//Glasses/34.jpg',259),
(260,'image//Glasses/35.jpg',260),
(261,'image//Glasses/36.jpg',261),
(262,'image//Glasses/37.jpg',262),
(263,'image//Glasses/38.jpg',263),
(264,'image//Glasses/39.jpg',264),
(265,'image//Glasses/40.png',265),
(266,'image//Glasses/41.png',266),
(267,'image//HelmetFace/1.jpg',267),
(268,'image//HelmetFace/2.jpg',268),
(269,'image//HelmetFace/3.jpg',269),
(270,'image//HelmetFace/4.jpg',270),
(271,'image//HelmetFace/5.jpg',271),
(272,'image//HelmetFace/6.jpg',272),
(273,'image//HelmetFace/7.jpg',273),
(274,'image//HelmetFace/8.jpg',274),
(275,'image//HelmetFace/9.jpg',275),
(276,'image//HelmetFace/10.jpg',276),
(277,'image//HelmetFace/11.jpg',277),
(278,'image//HelmetFace/12.jpg',278),
(279,'image//HelmetFace/13.jpg',279),
(280,'image//HelmetFace/14.jpg',280),
(281,'image//HelmetFace/15.jpg',281),
(282,'image//HelmetFace/16.jpg',282),
(283,'image//HelmetFace/17.jpg',283),
(284,'image//HelmetFace/18.jpg',284),
(285,'image//HelmetFace/19.jpg',285),
(286,'image//HelmetFace/20.jpg',286),
(287,'image//HelmetFace/21.jpg',287),
(288,'image//HelmetFace/22.jpg',288),
(289,'image//HelmetFace/23.jpg',289),
(290,'image//HelmetFace/24.jpg',290),
(291,'image//HelmetFace/25.jpg',291),
(292,'image//HelmetFace/26.jpg',292),
(293,'image//HelmetFace/27.jpg',293),
(294,'image//HelmetFace/28.jpg',294),
(295,'image//HelmetFace/29.jpg',295),
(296,'image//HelmetFace/30.jpg',296),
(297,'image//HelmetFace/31.jpg',297),
(298,'image//HelmetFace/32.jpg',298),
(299,'image//HelmetFace/33.jpg',299),
(300,'image//HelmetFace/34.jpg',300),
(301,'image//HelmetFace/35.jpg',301),
(302,'image//HelmetFace/36.jpg',302),
(303,'image//HelmetFace/37.jpg',303),
(304,'image//HelmetFace/38.jpg',304),
(305,'image//HelmetFace/39.jpg',305),
(306,'image//HelmetFace/40.jpg',306),
(307,'image//HelmetFace/41.jpg',307),
(308,'image//HelmetFace/42.jpg',308),
(309,'image//HelmetFace/43.jpg',309),
(310,'image//HelmetFace/44.jpg',310),
(311,'image//HelmetFace/45.jpg',311),
(312,'image//HelmetFace/46.jpg',312),
(313,'image//HelmetFace/47.jpg',313),
(314,'image//HelmetFace/48.jpg',314),
(315,'image//HelmetFace/49.jpg',315),
(316,'image//HelmetFace/50.jpg',316),
(317,'image//HelmetFace/51.jpg',317),
(318,'image//HelmetFace/52.jpg',318),
(319,'image//HelmetFace/53.jpg',319),
(320,'image//HelmetFace/54.jpg',320),
(321,'image//HelmetFace/55.jpg',321),
(322,'image//HelmetFace/56.jpg',322),
(323,'image//HelmetFace/57.jpg',323),
(324,'image//HelmetFace/58.jpg',324),
(325,'image//HelmetFace/59.jpg',325),
(326,'image//HelmetFace/60.jpg',326),
(327,'image//HelmetFace/61.jpg',327),
(328,'image//HelmetFace/62.jpg',328),
(329,'image//HelmetFace/63.jpg',329),
(330,'image//HelmetFace/64.jpg',330),
(331,'image//HelmetFace/65.jpg',331),
(332,'image//HelmetFace/66.jpg',332),
(333,'image//HelmetFace/67.jpg',333),
(334,'image//HelmetFace/68.jpg',334),
(335,'image//HelmetFace/69.jpg',335),
(336,'image//HelmetFace/70.jpg',336),
(337,'image//HelmetFace/71.jpg',337),
(338,'image//HelmetFace/72.jpg',338),
(339,'image//HelmetFace/73.jpg',339),
(340,'image//HelmetFace/74.jpg',340),
(341,'image//HelmetFace/75.jpg',341),
(342,'image//HelmetFace/76.jpg',342),
(343,'image//HelmetFace/77.jpg',343),
(344,'image//HelmetFace/78.jpg',344),
(345,'image//HelmetFace/79.jpg',345),
(346,'image//HelmetFace/80.jpg',346),
(347,'image//HelmetFace/81.jpg',347),
(348,'image//HelmetFace/82.jpg',348),
(349,'image//HelmetFace/83.jpg',349),
(350,'image//HelmetFace/84.jpg',350),
(351,'image//HelmetFace/85.jpg',351),
(352,'image//HelmetFace/86.jpg',352),
(353,'image//HelmetFace/87.jpg',353),
(354,'image//HelmetFace/88.jpg',354),
(355,'image//HelmetFace/89.jpg',355),
(356,'image//HelmetFace/90.jpg',356),
(357,'image//HelmetFace/91.jpg',357),
(358,'image//HelmetFace/92.jpg',358),
(359,'image//HelmetFace/93.jpg',359),
(360,'image//HelmetFace/94.png',360),
(361,'image//HelmetFace/95.jpg',361),
(362,'image//HelmetChin/1.jpg',362),
(363,'image//HelmetChin/2.jpg',363),
(364,'image//HelmetChin/3.jpg',364),
(365,'image//HelmetChin/4.jpg',365),
(366,'image//HelmetChin/5.jpg',366),
(367,'image//HelmetChin/6.jpg',367),
(368,'image//HelmetChin/7.jpg',368),
(369,'image//HelmetChin/8.jpg',369),
(370,'image//HelmetChin/10.jpg',370),
(371,'image//HelmetChin/11.jpg',371),
(372,'image//HelmetChin/12.jpg',372),
(373,'image//HelmetChin/13.jpg',373),
(374,'image//HelmetChin/14.jpg',374),
(375,'image//HelmetChin/15.jpg',375),
(376,'image//HelmetChin/16.jpg',376),
(377,'image//HelmetChin/17.jpg',377),
(378,'image//HelmetChin/18.jpg',378),
(379,'image//HelmetChin/19.jpg',379),
(380,'image//HelmetChin/20.jpg',380),
(381,'image//HelmetChin/21.jpg',381),
(382,'image//HelmetChin/22.jpg',382),
(383,'image//HelmetChin/24.jpg',383),
(384,'image//HelmetChin/24.jpg',384),
(385,'image//HelmetChin/25.jpg',385),
(386,'image//HelmetChin/26.jpg',386),
(387,'image//HelmetChin/27.png',387),
(388,'image//HelmetChin/28.png',388),
(389,'image//HelmetChin/29.png',389),
(390,'image//HelmetChin/30.jpg',390),
(391,'image//HelmetChin/31.png',391),
(392,'image//HelmetChin/32.jpg',392),
(393,'image//HelmetChin/33.jpg',393),
(394,'image//HelmetChin/34.jpg',394),
(395,'image//HelmetChin/35.jpg',395),
(396,'image//HelmetChin/9.jpg',396),
(397,'image//HelmetRoad/1.jpg',397),
(398,'image//HelmetRoad/2.jpg',398),
(399,'image//HelmetRoad/3.jpg',399),
(400,'image//HelmetRoad/4.jpg',400),
(401,'image//HelmetRoad/5.jpg',401),
(402,'image//HelmetRoad/6.jpg',402),
(403,'image//HelmetRoad/7.jpg',403),
(404,'image//HelmetRoad/8.jpg',404),
(405,'image//HelmetRoad/9.jpg',405),
(406,'image//HelmetRoad/10.jpg',406),
(407,'image//HelmetRoad/10.jpg',407),
(408,'image//HelmetVip/1.jpg',408),
(409,'image//HelmetVip/2.jpg',409),
(410,'image//HelmetVip/3.jpg',410),
(411,'image//HelmetVip/4.jpg',411),
(412,'image//HelmetVip/5.jpg',412),
(413,'image//HelmetVip/6.jpg',413),
(414,'image//HelmetVip/7.jpg',414),
(415,'image//HelmetVip/8.jpg',415),
(416,'image//HelmetVip/9.jpg',416),
(417,'image//HelmetVip/10.jpg',417),
(418,'image//HelmetVip/11.jpg',418),
(419,'image//HelmetVip/12.jpg',418),
(420,'image//HelmetVip/13.jpg',420),
(421,'image//HelmetVip/14.jpg',421),
(422,'image//HelmetVip/15.jpg',422),
(423,'image//HelmetVip/16.jpg',423),
(424,'image//HelmetVip/17.jpg',424),
(425,'image//HelmetVip/18.jpg',425),
(426,'image//HelmetVip/19.jpg',426),
(427,'image//HelmetVip/20.jpg',427),
(428,'image//HelmetVip/21.jpg',428),
(429,'image//HelmetVip/22.jpg',429),
(430,'image//HelmetVip/23.jpg',430),
(431,'image//HelmetVip/24.jpg',431),
(432,'image//HelmetVip/25.jpg',432),
(433,'image//HelmetVip/26.jpg',433),
(434,'image//HelmetVip/27.jpg',434),
(435,'image//HelmetVip/28.jpg',435),
(436,'image//HelmetVip/29.jpg',436),
(437,'image//HelmetVip/30.jpg',437),
(438,'image//HelmetVip/31.jpg',438),
(439,'image//HelmetVip/32.jpg',439),
(440,'image//HelmetVip/33.jpg',440),
(441,'image//HelmetVip/34.jpg',441),
(442,'image//HelmetVip/35.jpg',442),
(443,'image//HelmetVip/36.jpg',443),
(444,'image//HelmetVip/37.jpg',444),
(445,'image//HelmetVip/38.jpg',445),
(446,'image//HelmetVip/39.jpg',446),
(447,'image//HelmetVip/40.jpg',447),
(448,'image//HelmetVip/41.jpg',448),
(449,'image//HelmetVip/42.jpg',449),
(450,'image//HelmetVip/43.jpg',450),
(451,'image//HelmetVip/44.jpg',451),
(452,'image//HelmetVip/45.jpg',452),
(453,'image//HelmetVip/46.jpg',453),
(454,'image//HelmetVip/47.jpg',454),
(455,'image//HelmetVip/48.jpg',455),
(456,'image//HelmetVip/49.jpg',456),
(457,'image//HelmetVip/50.jpg',457),
(458,'image//HelmetVip/51.jpg',458),
(459,'image//HelmetVip/52.jpg',459),
(460,'image//HelmetVip/53.jpg',460),
(461,'image//HelmetVip/54.jpg',461),
(462,'image//HelmetVip/55.jpg',462),
(463,'image//HelmetVip/56.jpg',463),
(464,'image//HelmetVip/57.png',464),
(465,'image//HelmetVip/58.jpg',465),
(466,'image//HelmetVip/59.jpg',466),
(467,'image//HelmetVip/60.jpg',467),
(468,'image//HelmetVip/61.jpg',468),
(469,'image//HelmetVip/62.jpg',469),
(470,'image//HelmetVip/63.jpg',470),
(471,'image//HelmetVip/64.png',471),
(472,'image//HelmetVip/65.jpg',472),
(473,'image//HelmetVip/66.png',473),
(474,'image//HelmetVip/67.png',474),
(475,'image//HelmetVip/68.jpg',475),
(476,'image//HelmetVip/69.jpg',476),
(477,'image//HelmetVip/70.png',477),
(478,'image//HelmetVip/71.png',478),
(479,'image//HelmetVip/72.jpg',479),
(480,'image//HelmetVip/73.jpg',480),
(481,'image//HelmetVip/74.jpg',481),
(482,'image//HelmetVip/75.jpg',482),
(483,'image//HelmetVip/76.jpg',483),
(484,'image//HelmetVip/77.jpg',484),
(485,'image//HelmetVip/78.jpg',485),
(486,'image//HelmetVip/79.JPG',486),
(487,'image//HelmetVip/80.JPG',487),
(488,'image//HelmetVip/81.JPG',488),
(489,'image//HelmetVip/82.JPG',489),
(490,'image//HelmetVip/83.jpg',490),
(491,'image//HelmetVip/84.png',491),
(492,'image//HelmetVip/85.png',492),
(493,'image//HelmetVip/86.png',493),
(494,'image//HelmetBulldog/1.jpg',494),
(495,'image//HelmetBulldog/2.jpg',495),
(496,'image//HelmetBulldog/3.jpg',496),
(497,'image//HelmetBulldog/4.jpg',497),
(498,'image//HelmetBulldog/5.jpg',498),
(499,'image//HelmetBulldog/6.jpg',499),
(500,'image//HelmetBulldog/7.jpg',500),
(501,'image//HelmetBulldog/8.jpg',501),
(502,'image//HelmetBulldog/9.jpg',502),
(503,'image//HelmetBulldog/10.jpg',503),
(504,'image//HelmetBulldog/11.jpg',504),
(505,'image//HelmetBulldog/12.jpg',505),
(506,'image//HelmetBulldog/13.jpg',506),
(507,'image//HelmetBulldog/14.jpg',507),
(508,'image//HelmetBulldog/15.jpg',508),
(509,'image//HelmetBulldog/16.jpg',509),
(510,'image//HelmetRoyal/1.jpg',510),
(511,'image//HelmetRoyal/2.jpg',511),
(512,'image//HelmetRoyal/3.jpg',512),
(513,'image//HelmetRoyal/4.jpg',513),
(514,'image//HelmetRoyal/5.jpg',514),
(515,'image//HelmetRoyal/6.jpg',515),
(516,'image//HelmetRoyal/7.jpg',516),
(517,'image//HelmetRoyal/8.jpg',517),
(518,'image//HelmetRoyal/9.jpg',518),
(519,'image//HelmetRoyal/10.jpg',519),
(520,'image//HelmetRoyal/11.jpg',520),
(521,'image//HelmetRoyal/12.jpg',521),
(522,'image//HelmetRoyal/13.jpg',522),
(523,'image//HelmetRoyal/14.jpg',523),
(524,'image//HelmetRoyal/15.jpg',524),
(525,'image//HelmetRoyal/16.jpg',525),
(526,'image//HelmetRoyal/17.jpg',526),
(527,'image//HelmetRoyal/18.jpg',527),
(528,'image//HelmetRoyal/19.jpg',528),
(529,'image//HelmetRoyal/20.jpg',529),
(530,'image//HelmetRoyal/21.jpg',530),
(531,'image//HelmetRoyal/22.jpg',531),
(532,'image//HelmetRoyal/23.jpg',532),
(533,'image//HelmetRoyal/24.jpg',533),
(534,'image//HelmetRoyal/25.jpg',534),
(535,'image//HelmetRoyal/26.jpg',535),
(536,'image//HelmetRoyal/27.jpg',536),
(537,'image//HelmetRoyal/28.jpg',537),
(538,'image//HelmetRoyal/29.jpg',538),
(539,'image//HelmetASIA/1.jpg',539),
(540,'image//HelmetASIA/2.jpg',540),
(541,'image//HelmetASIA/3.jpg',541),
(542,'image//HelmetASIA/4.jpg',542),
(543,'image//HelmetASIA/5.jpg',543),
(544,'image//HelmetASIA/6.jpg',544),
(545,'image//HelmetASIA/7.jpg',545),
(546,'image//HelmetASIA/8.jpg',546),
(547,'image//HelmetASIA/9.jpg',547),
(548,'image//HelmetASIA/10.jpg',548),
(549,'image//HelmetASIA/11.jpg',549),
(550,'image//HelmetASIA/12.jpg',550),
(551,'image//HelmetASIA/13.jpg',551),
(552,'image//HelmetASIA/14.jpg',552),
(553,'image//HelmetASIA/15.jpg',553),
(554,'image//HelmetASIA/16.jpg',554),
(555,'image//HelmetASIA/17.jpg',555),
(556,'image//HelmetASIA/18.jpg',556),
(557,'image//HelmetASIA/19.jpg',557),
(558,'image//HelmetASIA/20.jpg',558),
(559,'image//HelmetASIA/21.jpg',559),
(560,'image//HelmetRacer/1.jpg',560),
(561,'image//HelmetRacer/2.jpg',561),
(562,'image//HelmetRacer/3.jpg',562),
(563,'image//HelmetRacer/4.jpg',563),
(564,'image//HelmetRacer/5.jpg',564),
(565,'image//HelmetRacer/6.jpg',565),
(566,'image//HelmetRacer/7.jpg',566),
(567,'image//HelmetRacer/8.jpg',567),
(568,'image//HelmetRacer/9.jpg',568),
(569,'image//HelmetRacer/10.jpg',569),
(570,'image//HelmetRacer/11.jpg',570),
(571,'image//HelmetRacer/12.jpg',571),
(572,'image//HelmetRacer/13.jpg',572),
(573,'image//HelmetRacer/14.jpg',573),
(574,'image//HelmetRacer/15.jpg',574),
(575,'image//HelmetRacer/16.jpg',575),
(576,'image//HelmetRacer/17.jpg',576),
(577,'image//HelmetRacer/18.jpg',577),
(578,'image//HelmetRacer/19.jpg',578),
(579,'image//HelmetRacer/20.jpg',579),
(580,'image//HelmetRacer/21.jpg',580),
(581,'image//HelmetRacer/22.jpg',581),
(582,'image//HelmetRacer/23.jpg',582),
(583,'image//HelmetRacer/24.jpg',253),
(584,'image//HelmetRacer/25.jpg',584),
(585,'image//HelmetRacer/26.jpg',585),
(586,'image//HelmetRacer/27.jpg',586),
(587,'image//HelmetRacer/28.jpg',587),
(588,'image//HelmetRacer/29.jpg',588),
(589,'image//HelmetRacer/30.jpg',589),
(590,'image//HelmetRacer/31.jpg',590),
(591,'image//HelmetRacer/32.jpg',591),
(592,'image//HelmetRacer/33.jpg',592),
(593,'image//HelmetRacer/34.jpg',593),
(594,'image//HelmetRacer/35.jpg',594),
(595,'image//HelmetRacer/36.jpg',595),
(596,'image//HelmetRacer/37.jpg',596),
(597,'image//HelmetRacer/38.jpg',597),
(598,'image//HelmetRacer/39.jpg',598),
(599,'image//HelmetRacer/40.jpg',599),
(600,'image//HelmetRacer/41.jpg',600),
(601,'image//HelmetRacer/42.jpg',601),
(602,'image//HelmetRacer/43.jpg',602),
(603,'image//HelmetRacer/44.jpg',603),
(604,'image//HelmetRacer/45.jpg',604),
(605,'image//HelmetRacer/46.jpg',605),
(606,'image//HelmetRacer/47.jpg',606),
(607,'image//HelmetRacer/48.jpg',607),
(608,'image//HelmetRacer/49.jpg',608),
(609,'image//HelmetRacer/50.jpg',609),
(610,'image//HelmetRacer/51.jpg',610),
(611,'image//HelmetRacer/52.jpg',611),
(612,'image//HelmetRacer/53.jpg',612),
(613,'image//HelmetRacer/54.jpg',613),
(614,'image//HelmetRacer/55.jpg',614),
(615,'image//HelmetRacer/56.jpg',615),
(616,'image//HelmetRacer/57.jpg',616),
(617,'image//HelmetRacer/58.jpg',617),
(618,'image//HelmetRacer/59.jpg',618),
(619,'image//HelmetRacer/60.jpg',619),
(620,'image//HelmetRacer/61.jpg',620),
(621,'image//HelmetPart/1.jpg',621),
(622,'image//HelmetPart/2.jpg',622),
(623,'image//HelmetPart/3.jpg',623),
(624,'image//HelmetPart/4.jpg',624),
(625,'image//HelmetPart/5.jpg',625),
(626,'image//HelmetPart/6.jpg',626),
(627,'image//BagXang/1.png',627),
(628,'image//BagXang/2.png',628),
(629,'image//BagXang/3.png',629),
(630,'image//BagXang/4.jpg',630),
(631,'image//BagXang/5.jpg',631),
(632,'image//BagXang/6.jpg',632),
(633,'image//BagXang/7.jpg',633),
(634,'image//BagXang/8.jpg',634),
(635,'image//BagXang/9.jpg',635),
(636,'image//BagXang/10.png',636),
(637,'image//BagWater/1.jpg',637),
(638,'image//BagWater/2.jpg',638),
(639,'image//BagWater/3.jpg',639),
(640,'image//BagWater/4.jpg',640),
(641,'image//BagWater/5.jpg',641),
(642,'image//BagWater/6.jpg',642),
(643,'image//BagWater/7.jpg',643),
(644,'image//BagWater/8.jpg',644),
(645,'image//BagWater/9.jpg',645),
(646,'image//BagWater/10.jpg',646),
(647,'image//BagWater/11.png',647),
(648,'image//BagWater/12.png',648),
(649,'image//BagWater/13.jpg',649),
(650,'image//BagWater/14.jpg',650),
(651,'image//BagWater/15.jpg',651),
(652,'image//BagWater/16.jpg',652),
(653,'image//BagWater/17.jpg',653),
(654,'image//BagWater/18.jpg',654),
(655,'image//BagWater/19.jpg',655),
(656,'image//BagWater/20.jpg',656),
(657,'image//BagWater/21.jpg',657),
(658,'image//BagWater/22.png',658),
(659,'image//BagWater/23.png',659),
(660,'image//BagWater/24.png',660),
(661,'image//BagWater/25.png',661),
(662,'image//BagWater/26.png',662),
(663,'image//BagWater/27.png',663),
(664,'image//BagBelly/1.jpg',664),
(665,'image//BagBelly/2.jpg',665),
(666,'image//BagBelly/3.jpg',666),
(667,'image//BagBelly/4.png',667),
(668,'image//BagBelly/5.png',668),
(669,'image//BagBelly/6.png',669),
(670,'image//BagBelly/7.jpg',670),
(671,'image//BagBelly/8.png',671),
(672,'image//BagBelly/9.jpg',672),
(673,'image//BagBelly/10.jpg',673),
(674,'image//BagBelly/11.png',674),
(675,'image//BagBelly/12.png',675),
(676,'image//BagBelly/13.png',676),
(677,'image//BagBelly/14.png',677),
(678,'image//BagBelly/15.jpg',678),
(679,'image//BagBelly/16.png',679),
(680,'image//BagBelly/17.jpg',680),
(681,'image//BagBelly/18.jpg',681),
(682,'image//BagBelly/19.jpg',682),
(683,'image//BagBelly/20.jpg',683),
(684,'image//FlashLight/1.png',684),
(685,'image//FlashLight/2.png',685),
(686,'image//FlashLight/3.png',686),
(687,'image//FlashLight/4.png',687),
(688,'image//FlashLight/5.png',688),
(689,'image//GoAway/1.jpg',689),
(690,'image//GoAway/2.jpg',690),
(691,'image//GoAway/3.jpg',691),
(692,'image//GoAway/4.jpg',692),
(693,'image//GoAway/5.jpg',693),
(694,'image//GoAway/6.png',694),
(695,'image//GoAway/7.png',695),
(696,'image//GoAway/8.jpg',696),
(697,'image//GoAway/9.jpg',697),
(698,'image//GoAway/10.jpg',698),
(699,'image//GoAway/11.jpg',699),
(700,'image//GoAway/12.jpg',700);

/*Table structure for table `orders` */

DROP TABLE IF EXISTS `orders`;

CREATE TABLE `orders` (
  `id` bigint(20) unsigned NOT NULL AUTO_INCREMENT,
  `name` varchar(150) DEFAULT NULL,
  `city` varchar(150) DEFAULT NULL,
  `district` varchar(150) DEFAULT NULL,
  `wards` varchar(150) DEFAULT NULL,
  `specific_address` varchar(150) DEFAULT NULL,
  `phone` varchar(150) DEFAULT NULL,
  `email` varchar(150) DEFAULT NULL,
  PRIMARY KEY (`id`)
) ENGINE=InnoDB AUTO_INCREMENT=4 DEFAULT CHARSET=utf8mb4;

/*Data for the table `orders` */

insert  into `orders`(`id`,`name`,`city`,`district`,`wards`,`specific_address`,`phone`,`email`) values 
(1,'1','1','1','1','1','1','1'),
(2,'dddđ','FelMale','đà nẵng','Tu Nghĩa','dddđ','dddd','ddd@gmail.com'),
(3,'ddddd','FelMale','đà nẵng','Tu Nghĩa','ddddd','ddddđ','ddddd@gmail.com');

/*Table structure for table `products` */

DROP TABLE IF EXISTS `products`;

CREATE TABLE `products` (
  `id` bigint(20) unsigned NOT NULL AUTO_INCREMENT,
  `name` varchar(150) DEFAULT NULL,
  `price` decimal(10,0) DEFAULT NULL,
  `status` int(11) DEFAULT NULL,
  `color` varchar(30) DEFAULT NULL,
  `made_in` varchar(150) DEFAULT NULL,
  `category_id` bigint(20) unsigned DEFAULT NULL,
  PRIMARY KEY (`id`),
  KEY `categoryId` (`category_id`),
  CONSTRAINT `products_ibfk_1` FOREIGN KEY (`category_id`) REFERENCES `categories` (`id`) ON DELETE CASCADE ON UPDATE CASCADE
) ENGINE=InnoDB AUTO_INCREMENT=702 DEFAULT CHARSET=utf8mb4;

/*Data for the table `products` */

insert  into `products`(`id`,`name`,`price`,`status`,`color`,`made_in`,`category_id`) values 
(1,'THÙNG GIVI E43NML',852,1,'Black','UK',1),
(2,'THÙNG GIVI B27N-S',100,1,'Black','VN',1),
(3,'THÙNG GIVI B360NT',120,1,'Black','USA',1),
(4,'THÙNG GIVI B360N',120,1,'Red','USA',1),
(5,'THÙNG GIVI E43NML',850,1,'Black','Thai',1),
(6,'THÙNG GIVI E250N',850,1,'Red','VN',1),
(7,'THÙNG GIVI E260N',110,1,'Red','JAPAN',1),
(8,'THÙNG GIVI E230N ',120,1,'Green','UK',1),
(9,'THÙNG KAPPA',800,1,'Black','Thai',1),
(10,'THÙNG GIVI E260N',130,1,'White','Thai',1),
(11,'THÙNG GIVI E260N',110,1,'Bạc','VN',1),
(12,'THÙNG GIVI E230N ',100,1,'Black','USA',1),
(13,'THÙNG GIVI E230N',100,1,'Red','USA',1),
(14,'THÙNG GIVI E260RN',800,1,'Red','Thai',1),
(15,'THÙNG HÔNG GIVI E22N-S/ SB2000 ',310,1,'Black','USA',1),
(16,'THÙNG HÔNG GIVI ',310,1,'Black','USA',1),
(17,'THÙNG HÔNG GIVI ',80,1,'Black','USA',1),
(18,'THÙNG HÔNG GIVI ',320,1,'Black','USA',1),
(19,'THÙNG HÔNG GIVI ',320,1,'Black','USA',1),
(20,'THÙNG HÔNG GIVI ',200,1,'Black','USA',1),
(21,'THÙNG HÔNG GIVI ',250,1,'Black','USA',1),
(22,'THÙNG HÔNG GIVI ',250,1,'Black','USA',1),
(23,'THÙNG HÔNG GIVI ',240,1,'Black','USA',1),
(24,'THÙNG HÔNG GIVI ',200,1,'Black','USA',1),
(25,'THÙNG HÔNG GIVI ',200,1,'Black','USA',1),
(26,'THÙNG HÔNG GIVI ',260,1,'Black','USA',1),
(27,'THÙNG HÔNG GIVI ',320,1,'Black','USA',1),
(28,'THÙNG HÔNG GIVI ',320,1,'Green','USA',1),
(29,'THÙNG HÔNG GIVI ',250,1,'White','USA',1),
(30,'THÙNG HÔNG GIVI ',321,1,'White','USA',1),
(31,'THÙNG HÔNG GIVI ',300,1,'Black','USA',1),
(32,'THÙNG HÔNG GIVI ',340,1,'Black','USA',1),
(33,'THÙNG HÔNG GIVI ',200,1,'Black','USA',1),
(34,'THÙNG HÔNG GIVI ',200,1,'Black','USA',1),
(35,'THÙNG HÔNG GIVI ',250,1,'Black','USA',1),
(36,'THÙNG HÔNG GIVI ',350,1,'Black','USA',1),
(37,'THÙNG HÔNG GIVI ',200,1,'Black','USA',1),
(38,'THÙNG HÔNG GIVI ',200,1,'Black','USA',1),
(39,'THÙNG HÔNG GIVI ',200,1,'Black','USA',1),
(40,'THÙNG HÔNG GIVI ',200,1,'Black','USA',1),
(41,'THÙNG GIỮA G10N GIVI XE JUPITER',600,1,'black','Thai',2),
(42,'THÙNG GIỮA G10N GIVI XE WINNER',600,1,'black','Usa',2),
(43,'THÙNG GIỮA K10N KAPPA (GIVI) XE WAVE RSX 110',550,0,'black','Japan',2),
(44,'THÙNG GIỮA K10N KAPPA (GIVI) XE EXCITER 150CC',550,1,'black','Uk',2),
(45,'THÙNG GIỮA K10N KAPPA (GIVI) XE FUTURE 125 F1',550,1,'black','Vn',2),
(46,'THÙNG GIỮA K10N KAPPA (GIVI) XE WINNER',550,1,'black','India',2),
(47,'THÙNG GIỮA K10N KAPPA (GIVI) XE SIRIUS',500,1,'white','China',2),
(48,'THÙNG GIỮA K10N KAPPA (GIVI) XE AXELO',500,1,'black','Korea',2),
(49,'THÙNG GIỮA K10N KAPPA (GIVI) XE FUTURE',550,1,'black','India',2),
(50,'THÙNG GIỮA K10N KAPPA (GIVI) XE DREAM',500,1,'black','Usa',2),
(51,'THÙNG GIỮA K10N KAPPA (GIVI) XE FX',550,1,'black','French',2),
(52,'THÙNG GIỮA K10N KAPPA (GIVI) XE RAIDER (BELANG) 150',550,1,'black','Usa',2),
(53,'THÙNG GIỮA K10N KAPPA (GIVI) XE WAVE',500,1,'black','China',2),
(54,'THÙNG GIỮA K10N KAPPA (GIVI) EXCITER',550,1,'blue','Jana',2),
(55,'THÙNG GIỮA K10N KAPPA (GIVI) EXCITER 2006',520,1,'black','Usa',2),
(56,'BAGA SAU GIVI XE R3 (HRV- R3)',142,1,'Black','Thai',3),
(57,'BAGA SAU GIVI XE MT-03',142,1,'Black','Japan',3),
(58,'BAGA HÔNG GIVI KAWASAKI ',180,1,'Black','VN',3),
(59,'BAGA HÔNG GIVI XE KAWASAKI ',350,1,'Black','Japan',3),
(60,'BAGA SAU GIVI XE EXCITER 135 ',85,1,'Black','USA',3),
(61,'BAGA SAU GIVI XE BELANG 150 ',85,1,'Black','UK',3),
(62,'BAGA SAU GIVI XE NMAX 150',60,1,'Black','Japan',3),
(63,'BAGA SAU GIVI XE NMAX 150',26,1,'Black','VN',3),
(64,'BAGA SAU GIVI XE WINNER 150 ',70,1,'Black','UK',3),
(65,'BAGA SAU GIVI XE RAIDER F1',26,1,'Black','VN',3),
(66,'BAGA HÔNG GIVI SBL502 ',115,1,'Black','VN',3),
(67,'BAGA SAU GIVI XE CBR150 ',85,1,'Black','VN',3),
(68,'BAGA SAU GIVI XE XBIKE',26,1,'Black','UK',3),
(69,'BAGA SAU GIVI XE FZ150I',125,1,'Black','UK',3),
(70,'BAGA SAU GIVI XE SURIUS F1',26,1,'Black','UK',3),
(71,'BAGA SAU GIVI XE BENELLI ',96,1,'Black','Japan',3),
(72,'BAGA SAU GIVI XE NINJA 250',85,1,'Black','Japan',3),
(73,'BAGA SAU GIVI XE WINNER',26,1,'Black','Japan',3),
(74,'BAGA HÔNG GIVI SB2000',100,1,'Black','USA',3),
(75,'BAGA SAU GIVI XE VESPA LX ',66,1,'Black','USA',3),
(76,'BAGA SAU GIVI XE VESPA',61,1,'Black','USA',3),
(77,'BAGA SAU XE HONDA MSX',79,1,'Black','VN',3),
(78,'BAGA SAU GIVI XE EXCITER 150CC ',26,1,'Black','VN',3),
(79,'BAGA GIỮA INOX CHO EXCITER ',65,1,'Black','VN',3),
(80,'BAGA SAU GIVI XE KTM DUKE ',100,1,'Black','UK',3),
(81,'BAGA SAU GIVI XE AXELO',26,1,'Black','UK',3),
(82,'BAGA SAU GIVI XE YAMAHA',28,1,'Black','UK',3),
(83,'BAGA GIVI SAU XE SUZUKI ',26,1,'Black','Japan',3),
(84,'BAGA SAU GIVI XE SUZUKI VIVA',26,1,'Black','Japan',3),
(85,'BAGA SAU GIVI XE GZ150-A',26,1,'Black','Japan',3),
(86,'BAGA GẮN THÙNG GIVI',26,1,'Black','USA',3),
(87,'BAGA HÔNG GIVI SB2000',130,1,'Black','USA',3),
(88,'BAGA SAU GIVI XE MIO',26,1,'Black','USA',3),
(89,'BAGA SAU GIVI XE VISION',26,1,'Black','VN',3),
(90,'BAGA SAU GIVI XE CLICK',26,1,'Black','VN',3),
(91,'BAGA SAU GIVI XE WAVE RSX',26,1,'Black','VN',3),
(92,'BAGA SAU GIVI XE SURIUS',26,1,'Black','UK',3),
(93,'BAGA SAU GIVI XE DREAM',26,1,'Black','UK',3),
(94,'BAGA SAU GIVI XE WAVE S110',26,1,'Black','UK',3),
(95,'BAGA XE WAVE RS',26,1,'Black','Japan',3),
(96,'BAGA SAU GIVI XE FUTURE',26,1,'Black','Japan',3),
(97,'BAGA SAU GIVI XE WAVE 125',26,1,'Black','Japan',3),
(98,'BAGA SAU GIVI XE SKYDRIVE',26,1,'Black','USA',3),
(99,'BAGA SAU GIVI XE AIRBLADE',26,1,'Black','USA',3),
(100,'BAGA SAU GIVI XE EXCITER',26,1,'Black','USA',3),
(101,'BAGA SAU GIVI XE HAYATE',26,1,'Black','VN',3),
(102,'BAGA SAU GIVI XE NOUVO',26,1,'Black','VN',3),
(103,'BAGA SAU GIVI XE PCX',73,1,'Black','VN',3),
(104,'BAGA GIVI CHO DÒNG XE SUZUKI ',26,1,'Black','Japan',3),
(105,'BAGA GIVI CHO DÒNG XE HONDA ',26,1,'Black','Japan',3),
(106,'BAGA GIVI CHO DÒNG XE YAMAHA ',26,1,'Black','Japan',3),
(107,'BAGA GIVI CHO DÒNG XE YAMAHA ',26,1,'Black','Japan',3),
(108,'ÁO GIÁP KOMINE JK-107',560,1,'gray','UK',5),
(109,'ÁO GIÁP KOMINE JK-120',300,1,'gray','UK',5),
(110,'ÁO GIÁP KOMINE JK-120',360,1,'gray','UK',5),
(111,'ÁO GIÁP KOMINE JK-120',360,1,'gray','UK',5),
(112,'ÁO GIÁP KOMINE JK-120',360,1,'gray','UK',5),
(113,'ÁO GIÁP KOMINE JK-120',360,1,'gray','UK',5),
(114,'BỘ QUẦN ÁO GIÁP FLM',280,1,'gray','USA',5),
(115,'QUẦN GIÁP FLM ',100,1,'black','USA',5),
(116,'ÁO GIÁP FLM',200,1,'black','USA',5),
(117,'ÁO GIÁP DA HYOD',450,1,'black','USA',5),
(118,'ÁO GIÁP JEAN VANUCCI ',220,1,'black','USA',5),
(119,'ÁO GIÁP MOTO REVIT HOODY ',220,1,'black','USA',5),
(120,'ÁO GIÁP REV’IT INTERCEPT',220,1,'gray','VN',5),
(121,'ÁO GIÁP OVERSHIRT TRACER ',220,1,'gray','VN',5),
(122,'ÁO GIÁP REVIT VOLTIAC',220,1,'gray','VN',5),
(123,'ÁO BẢO HỘ ALPINESTARS ',180,1,'gray','Japan',5),
(124,'BỘ QUẦN ÁO BẢO HỘ DAINESE ',350,1,'gray','Japan',5),
(125,'QUẦN BẢO HỘ DAINESE',120,1,'gray','Japan',5),
(126,'ÁO GIÁP BẢO HỘ DAINESE ',250,1,'gray','Japan',5),
(127,'ÁO GIÁP BẢO HỘ DAINESE',250,1,'gray','Japan',5),
(128,'ÁO GIÁP BẢO HỘ DAINESE',250,1,'gray','Japan',5),
(129,'ÁO GIÁP BẢO HỘ DAINESE',320,1,'black','Thai',5),
(130,'ÁO GIÁP BẢO HỘ DAINESE',250,1,'black','Thai',5),
(131,'ÁO BẢO HỘ TAICHI 2 LỚP',250,1,'black','Thai',5),
(132,'ÁO BẢO HỘ TAICHI 2 LỚP ',250,1,'black','Thai',5),
(133,'ÁO BẢO HỘ TAICHI RSJJ19',340,1,'black','Thai',5),
(134,'ÁO PHẢN QUANG GIVI ',430,1,'black','Thai',5),
(135,'ÁO KOMINE JK-700 TITANIUM ',520,1,'black','Thai',5),
(136,'ÁO BẢO HỘ TAICHI RSJJ19',342,1,'black','Thai',5),
(137,'ÁO MOTO TAICHI RSJ',240,1,'black','Thai',5),
(138,'ÁO BẢO HỘ TAICHI RSJJ19',340,1,'black','Thai',5),
(139,'GIÀY MOTO TAICHI RSS006',408,1,'Camo','Thai',6),
(140,'GIÀY MOTO TAICHI RSS006',408,1,'Black/White','Thai',6),
(141,'GIÀY MOTO TCX 9505W ',255,1,'Black/Yellow','Thai',6),
(142,'GIÀY MOTOTCX 9505W',255,1,'Black/Red','Thai',6),
(143,'GIÀY MOTO TAICHI RSS006',408,1,'Camo/black','Thai',6),
(144,'GIÀY MOTO TAICHI RSS006',408,1,'Black/red','Thai',6),
(145,'GIÀY MOTO TAICHI RSS008',408,1,'Camo','Japan',6),
(146,'GIÀY MOTO TAICHI RSS008',408,1,'White/Black','Japan',6),
(147,'GIÀY MOTO TAICHI RSS008',408,1,'Black/Red','Japan',6),
(148,'MIẾNG LÓT MÓC ',170,1,'Black','Japan',6),
(149,'GIÀY MOTOR SCOYCO ',250,1,'Black','Japan',6),
(150,'GIÀY MOTOR SCOYCO',250,1,'Black','Japan',6),
(151,'GIÀY MOTOR SCOYCO',240,1,'Black','UK',6),
(152,'GIÀY ARCX',180,1,'Black','UK',6),
(153,'GIÀY MOTO IXS CỔ CAO',110,1,'Black','UK',6),
(154,'GIÀY MOTO ALPINESTARS',368,1,'Black','UK',6),
(155,'GIÀY MOTO IXS CỔ THẤP',95,1,'Black','UK',6),
(156,'GIÀY MOTO ALPINESTARS SMX-1 R ',368,1,'Black','UK',6),
(157,'GIÀY SPEED BIKER',85,1,'Black','USA',6),
(158,'GIÀY PUMA FLAT 2 GTX',350,1,'Black','USA',6),
(159,'GIÀY MOTO CHỐNG MƯA LEVIOR',200,1,'Black','USA',6),
(160,'GĂNG TAY OAKLEY CỤT NGÓN ',14,1,'Tím','Thai',7),
(161,'GĂNG TAY OAKLEY CỤT NGÓN ',14,1,'Black','Thai',7),
(162,'GĂNG TAY DÀI NGÓN SCOYCO ',30,1,'White/Black','Thai',7),
(163,'GĂNG TAY DÀI NGÓN SCOYCO ',30,1,'Red/Black','Thai',7),
(164,'GĂNG TAY DÀI NGÓN SCOYCO ',30,1,'Green/Black','Thai',7),
(165,'GĂNG TAY KOMINE GK-141',100,1,'Black','Thai',7),
(166,'GĂNG TAY KOMINE GK-170',135,1,'Black/Red','Japan',7),
(167,'GĂNG TAY KOMINE GK-160',75,1,'Red/Black','Japan',7),
(168,'GĂNG TAY KOMINE GK-160',75,1,'Black','Japan',7),
(169,'GĂNG TAY SCOYCO MC12',20,1,'Black','Japan',7),
(170,'GĂNG TAY SCOYCO MC12',22,1,'Black','Japan',7),
(171,'GĂNG TAY KOMINE GK-144 ',120,1,'Black/Green','Japan',7),
(172,'GĂNG TAY KOMINE',120,1,'Black','UK',7),
(173,'GĂNG TAY DA ICON ',62,1,'Black','UK',7),
(174,'GĂNG TAY TAICHI 412',55,1,'Black/Red','UK',7),
(175,'GĂNG TAY TAICHI 412',60,1,'Black','UK',7),
(176,'GĂNG TAY DA ICON',62,1,'Black','UK',7),
(177,'GĂNG TAY KOMINE',70,1,'Black','UK',7),
(178,'GĂNG TAY KOMINE',70,1,'Black/Red','USA',7),
(179,'GĂNG TAY FOX',55,1,'Black','USA',7),
(180,'GĂNG TAY TAICHI 391',60,1,'Black','USA',7),
(181,'GĂNG TAY DÀI NGÓN SCOYCO ',22,1,'White/Black','USA',7),
(182,'GĂNG TAY DÀI NGÓN SCOYCO ',22,1,'Green/Black','USA',7),
(183,'GĂNG TAY CỤT NGÓN SCOYCO ',20,1,'Green/Black','USA',7),
(184,'GĂNG TAY CỤT NGÓN SCOYCO ',20,1,'Black','VN',7),
(185,'GĂNG TAY CỤT NGÓN SCOYCO ',20,1,'Black/Red','VN',7),
(186,'GĂNG TAY CỤT NGÓN SCOYCO ',20,1,'Black','VN',7),
(187,'GĂNG TAY CỤT NGÓN SCOYCO ',20,1,'Black','VN',7),
(188,'GĂNG TAY CỤT NGÓN SCOYCO ',22,1,'Blue/Black','VN',7),
(189,'GĂNG TAY CỤT NGÓN SCOYCO ',22,1,'Black','VN',7),
(190,'GĂNG TAY SCOYCO DÀI NGÓN ',22,1,'Green/Black','Thai',7),
(191,'GĂNG TAY FOX RACING MEN\'S ',28,1,'Green','Thai',7),
(192,'GĂNG TAY OAKLEY CỤT NGÓN ',14,1,'Siver','Thai',7),
(193,'GĂNG TAY BLACK HAWK',16,1,'Black','Thai',7),
(194,'GĂNG TAY BLACK HAWK',16,1,'Green','Thai',7),
(195,'GĂNG TAY FOX BOMBER',45,1,'Green/Black','Thai',7),
(196,'GĂNG TAY FOX BOMBER',45,1,'White','UK',7),
(197,'GĂNG TAY FOX BOMBER',45,1,'Black','UK',7),
(198,'GĂNG TAY FOX BOMBER',45,1,'Red/Black','UK',7),
(199,'GĂNG TAY DÀI NGÓN SCOYCO ',22,1,'Red/Black','UK',7),
(200,'GĂNG TAY CỤT NGÓN SCOYCO ',20,1,'Red/Black','UK',7),
(201,'GĂNG TAY CỤT NGÓN MONSTER ',10,1,'Red/Black','UK',7),
(202,'GĂNG TAY MONSTER',12,1,'Black','UK',7),
(203,'GĂNG TAY MONSTER ONEAL',18,1,'Green/Black','UK',7),
(205,'ÁO MƯA BỘ GIVI RRS06G ',52,1,'Black','USA',8),
(206,'ÁO MƯA BỘ GIVI RRS06B ',52,1,'Black','USA',8),
(207,'ÁO MƯA BỘ GIVI PRS01AX-Y',88,1,'Yellow','USA',8),
(208,'ÁO MƯA BỘ GIVI CRS02',86,1,'Yellow','USA',8),
(209,'ÁO MƯA BỘ GIVI RRS04N',55,1,'Black','USA',8),
(210,'ÁO MƯA BỘ GIVI RRS02',55,1,'Black','USA',8),
(211,'ÁO MƯA BỘ GIVI PRS01',88,1,'Yellow','Thai',8),
(212,'ÁO MƯA BỘ GIVI CRS01-G',67,1,'Black','Thai',8),
(213,'ÁO MƯA BỘ GIVI TA19',67,1,'Red','Thai',8),
(214,'ÁO MƯA GIVI VN02',21,1,'Red','Thai',8),
(215,'GIÀY ĐI MƯA GIVI ',28,1,'Black','Thai',8),
(216,'GIÀY ĐI MƯA GIVI',28,1,'Black','Thai',8),
(217,'BỘ BÓ GỐI BẢO VỆ CHÂN ',62,1,'Black','Thai',9),
(218,'BỘ BÓ GỐI BẢO VỆ CHÂN ',62,1,'Black','Thai',9),
(219,'BỘ BÓ GỐI BẢO VỆ TAY CHÂN ',69,1,'Black','Thai',9),
(220,'BỘ BÓ GỐI BẢO VỆ CHÂN TAY',38,1,'Black','Thai',9),
(221,'BỘ BÓ GỐI BẢO VỆ CHÂN',42,1,'Black','Thai',9),
(222,'BỘ BẢO VỆ TAY CHÂN PRO-X',37,1,'Black','Thai',9),
(223,'BỘ BÓ GỐI BẢO VỆ CHÂN FOX ',35,1,'Black','USA',9),
(224,'BỘ BÓ GỐI BẢO VỆ CHÂN FOX ',35,1,'Black','USA',9),
(225,'BỘ BÓ GỐI BẢO VỆ TAY CHÂN ',68,1,'Black','USA',9),
(226,'KÍNH THAY CHO MŨ BẢO HIỂM',68,1,'Black','Japan',10),
(227,'KÍNH THAY CHO MŨ BẢO HIỂM',68,1,'Black','Japan',10),
(228,'KÍNH THAY CHO MŨ BẢO HIỂM',68,1,'Black','Japan',10),
(229,'MIẾNG PINLOCK CHỐNG SƯƠNG ',45,1,'Black','Japan',10),
(230,'KÍNH B2 VÀ MẶT NẠ B- MASK',45,1,'Black','Japan',10),
(231,'KÍNH THAY CHO MŨ FULLFACE ',20,1,'Black','Thai',10),
(232,'KÍNH EAGLE BULLDOG SHIELD ',25,1,'White','Thai',10),
(233,'KÍNH EAGLE BULLDOG SHIELD ',25,1,'Yellow','Thai',10),
(234,'KÍNH DÂY UV400',80,1,'White','Thai',10),
(235,'KÍNH EAGLE ROYAL',18,1,'Yellow','Thai',10),
(236,'KÍNH EAGLE ROYAL',18,1,'Black','Thai',10),
(237,'KÍNH VÀ MẶT NẠ ROYAL',40,1,'Black','Thai',10),
(238,'KÍNH THAY CHO NÓN',21,1,'White','USA',10),
(239,'KÍNH THAY CHO NÓN',21,1,'White','USA',10),
(240,'KÍNH THAY CHO NÓN',21,1,'White','USA',10),
(241,'KÍNH B2 VÀ MẶT NẠ B- MASK',30,1,'Black','USA',10),
(242,'KÍNH DÂY PHI CÔNG',15,1,'Black','USA',10),
(243,'KÍNH DÂY PHI CÔNG',15,1,'Black','USA',10),
(244,'KÍNH DÂY PHI CÔNG',25,1,'Black','UK',10),
(245,'KÍNH DÂY GOGGLE ',25,1,'Black','UK',10),
(246,'KÍNH DÂY GOGGLE ',25,1,'Black','UK',10),
(247,'KÍNH DÂY GOGGLE ',25,1,'Black','UK',10),
(248,'KÍNH DÂY GOGGLE ',25,1,'Black','UK',10),
(249,'KÍNH DÂY GOGGLE ',25,1,'Black','UK',10),
(250,'KÍNH DÂY GOGGLE V5.2',25,1,'Black','VN',10),
(251,'KÍNH DÂY GOGGLE V5.2',25,1,'Black','VN',10),
(252,'KÍNH DÂY GOGGLE V5.1',25,1,'Black','VN',10),
(253,'KÍNH DÂY GOGGLE V5.1',25,1,'White','VN',10),
(254,'KÍNH VÀ MẶT NẠ BGM',60,1,'Black','VN',10),
(255,'KÍNH BULLDOG BUBBLE  ',25,1,'White','VN',10),
(256,'KÍNH EAGLE BULLDOG',30,1,'White','Thai',10),
(257,'KÍNH GOOGLE THÁI LAN ',18,1,'White','Thai',10),
(258,'KÍNH BUBBLE THÁI LAN',20,1,'White','Thai',10),
(259,'KÍNH DAMMTRAX BUBBLE',25,1,'White','Thai',10),
(260,'KÍNH BUBBLE BULLDOG',25,1,'White','Thai',10),
(261,'KÍNH BUBBLE BULLDOG',25,1,'White','Thai',10),
(262,'KÍNH BULLDOG GOGGLE',15,1,'Black','Japan',10),
(263,'KÍNH BULLDOG EAGLE',25,1,'Black','Japan',10),
(264,'KÍNH BULLDOG BUBBLE',30,1,'Black','Japan',10),
(265,'KÍNH GẮN MŨ BẢO HIỂM',25,1,'Black','Japan',10),
(266,'KÍNH BULLDOG BUBBLE',20,1,'Black','Japan',10),
(267,'MŨ BẢO HIỂM FULLFACE',450,1,'Red/Black','USA',12),
(268,'MŨ BẢO HIỂM FULLFACE',450,1,'Red/Black','USA',12),
(269,'MŨ BẢO HIỂM FULLFACE',400,1,'Yellow/Black','USA',12),
(270,'MŨ BẢO HIỂM FULLFACE',130,1,'Black','USA',12),
(271,'MŨ BẢO HIỂM FULLFACE',130,1,'Black/White','USA',12),
(272,'MŨ BẢO HIỂM FULLFACE',130,1,'Black/Yellow','USA',12),
(273,'MŨ BẢO HIỂM FULLFACE',130,1,'Red/Black','Thai',12),
(274,'MŨ BẢO HIỂM FULLFACE',130,1,'White/Black','Thai',12),
(275,'MŨ BẢO HIỂM FULLFACE',130,1,'Yello/White','Thai',12),
(276,'MŨ BẢO HIỂM FULLFACE',240,1,'Black','Thai',12),
(277,'MŨ BẢO HIỂM FULLFACE',260,1,'Red/Black','Thai',12),
(278,'MŨ BẢO HIỂM FULLFACE',260,1,'Yellow/Black','Thai',12),
(279,'MŨ BẢO HIỂM FULLFACE',260,1,'White/Black','UK',12),
(280,'MŨ BẢO HIỂM HJC',410,1,'Black/White','UK',12),
(281,'MŨ BẢO HIỂM HJC',410,1,'Black/White','UK',12),
(282,'MŨ BẢO HIỂM HJC',410,1,'White','UK',12),
(283,'MŨ BẢO HIỂM HJC',410,1,'Black','UK',12),
(284,'MŨ BẢO HIỂM HJC',410,1,'Yellow','UK',12),
(285,'MŨ BẢO HIỂM HJC',410,1,'Green','Japan',12),
(286,'MŨ BẢO HIỂM FULLFACE',280,1,'White','Japan',12),
(287,'MŨ BẢO HIỂM FULLFACE',310,1,'Red','Japan',12),
(288,'MŨ BẢO HIỂM FULLFACE',120,1,'Black','Japan',12),
(289,'MŨ BẢO HIỂM FULLFACE',110,1,'Black','Japan',12),
(290,'MŨ BẢO HIỂM FULLFACE',110,1,'White','Japan',12),
(291,'MŨ BẢO HIỂM FULLFACE HJC ',140,1,'Black','VN',12),
(292,'MŨ BẢO HIỂM FULLFACE HJC ',140,1,'Yellow','VN',12),
(293,'MŨ BẢO HIỂM FULLFACE HJC ',140,1,'Red','VN',12),
(294,'MŨ BẢO HIỂM FULLFACE HJC ',140,1,'Black','VN',12),
(295,'MŨ BẢO HIỂM SPEED',240,1,'Yellow','VN',12),
(296,'MŨ BẢO HIỂM HJC',410,1,'Black','VN',12),
(297,'MŨ BẢO HIỂM HJC',410,1,'Black','USA',12),
(298,'MŨ BẢO HIỂM HJC',410,1,'Black/Yellow','USA',12),
(299,'MŨ BẢO HIỂM HJC',410,1,'Black','USA',12),
(300,'MŨ BẢO HIỂM HJC',410,1,'Black','USA',12),
(301,'MŨ BẢO HIỂM HJC',410,1,'Black/Red','USA',12),
(302,'MŨ BẢO HIỂM HJC',250,1,'White/Red','USA',12),
(303,'MŨ BẢO HIỂM FULLFACE',250,1,'Black','UK',12),
(304,'MŨ BẢO HIỂM FULLFACE',250,1,'White/Black','UK',12),
(305,'MŨ BẢO HIỂM FULLFACE',60,1,'White/Black','UK',12),
(306,'MŨ BẢO HIỂM FULLFACE',154,1,'Black','UK',12),
(307,'MŨ BẢO HIỂM FULLFACE',145,1,'Black','UK',12),
(308,'MŨ BẢO HIỂM FULLFACE',145,1,'Black','UK',12),
(309,'MŨ BẢO HIỂM FULLFACE',410,1,'Black','Japan',12),
(310,'MŨ BẢO HIỂM FULLFACE',410,1,'Black','Japan',12),
(311,'MŨ BẢO HIỂM FULLFACE',410,1,'Black','Japan',12),
(312,'MŨ BẢO HIỂM FULLFACE',140,1,'White/Black','Japan',12),
(313,'MŨ BẢO HIỂM FULLFACE',250,1,'Black','Japan',12),
(314,'MŨ BẢO HIỂM FULLFACE',360,1,'Black/Yellow','Japan',12),
(315,'MŨ BẢO HIỂM FULLFACE',360,1,'Black','Thai',12),
(316,'MŨ BẢO HIỂM FULLFACE',360,1,'Black','Thai',12),
(317,'MŨ BẢO HIỂM FULLFACE',360,1,'White','Thai',12),
(318,'MŨ BẢO HIỂM FULLFACE',250,1,'Yellow','Thai',12),
(319,'MŨ BẢO HIỂM FULLFACE',250,1,'White','Thai',12),
(320,'MŨ BẢO HIỂM FULLFACE',250,1,'White','Thai',12),
(321,'MŨ BẢO HIỂM HJC ',850,1,'White','VN',12),
(322,'MŨ BẢO HIỂM HJC ',850,1,'Red','VN',12),
(323,'MŨ BẢO HIỂM FULLFACE',260,1,'White/Black','VN',12),
(324,'MŨ BẢO HIỂM FULLFACE',260,1,'Red','VN',12),
(325,'MŨ BẢO HIỂM FULLFACE',140,1,'Green','VN',12),
(326,'MŨ BẢO HIỂM FULLFACE',260,1,'White','VN',12),
(327,'MŨ BẢO HIỂM FULLFACE',140,1,'Green','USA',12),
(328,'MŨ BẢO HIỂM FULLFACE',260,1,'Black','USA',12),
(329,'MŨ BẢO HIỂM FULLFACE',250,1,'Red','USA',12),
(330,'MŨ BẢO HIỂM FULLFACE',120,1,'Black','USA',12),
(331,'MŨ BẢO HIỂM FULLFACE',120,1,'White','USA',12),
(332,'MŨ BẢO HIỂM FULLFACE',110,1,'Black','USA',12),
(333,'MŨ BẢO HIỂM FULLFACE',110,1,'White','UK',12),
(334,'MŨ BẢO HIỂM FULLFACE',410,1,'Black','UK',12),
(335,'MŨ BẢO HIỂM FULLFACE',260,1,'White','UK',12),
(336,'MŨ BẢO HIỂM FULLFACE',260,1,'Black','UK',12),
(337,'MŨ BẢO HIỂM FULLFACE',410,1,'Black','UK',12),
(338,'MŨ BẢO HIỂM FULLFACE',410,1,'Black','UK',12),
(339,'MŨ BẢO HIỂM FULLFACE',150,1,'Green','Thai',12),
(340,'MŨ BẢO HIỂM FULLFACE ',600,1,'Black','Thai',12),
(341,'MŨ BẢO HIỂM FULLFACE ',150,1,'Red','Thai',12),
(342,'MŨ BẢO HIỂM FULLFACE ',150,1,'Black','Thai',12),
(343,'MŨ BẢO HIỂM FULLFACE ',130,1,'White','Thai',12),
(344,'MŨ BẢO HIỂM FULLFACE ',150,1,'White','Thai',12),
(345,'NÓN BẢO HIỂM AGV',530,1,'Blue','Japan',12),
(346,'NÓN BẢO HIỂM AGV',530,1,'Red/White','Japan',12),
(347,'NÓN BẢO HIỂM AGV',700,1,'Red','Japan',12),
(348,'MŨ BẢO HIỂM FULLFACE',140,1,'Black','Japan',12),
(349,'MŨ BẢO HIỂM FULLFACE',140,1,'Black','Japan',12),
(350,'MŨ BẢO HIỂM FULLFACE',140,1,'Yellow','Japan',12),
(351,'MŨ BẢO HIỂM FULLFACE',140,1,'Black','VN',12),
(352,'MŨ BẢO HIỂM FULLFACE',140,1,'White','VN',12),
(353,'MŨ BẢO HIỂM FULLFACE',160,1,'Black','VN',12),
(354,'MŨ BẢO HIỂM FULLFACE',120,1,'White','VN',12),
(355,'MŨ BẢO HIỂM AGV',460,1,'Black','VN',12),
(356,'MŨ BẢO HIỂM FULLFACE',140,1,'Black','VN',12),
(357,'MŨ BẢO HIỂM FULLFACE',130,1,'White','Japan',12),
(358,'MŨ BẢO HIỂM AGV ',430,1,'White','Japan',12),
(359,'MŨ BẢO HIỂM AGV ',470,1,'Black/Yellow','Japan',12),
(360,'MŨ BẢO HIỂM AGV ',470,1,'Black','Japan',12),
(361,'MŨ BẢO HIỂM AGV ',140,1,'Blue','Japan',12),
(362,'MŨ BẢO HIỂM LẬT CẰM',620,1,'Black/Red','Thai',13),
(363,'MŨ BẢO HIỂM LẬT CẰM',580,1,'Black/Red','Thai',13),
(364,'MŨ BẢO HIỂM LẬT CẰM',580,1,'Back/White','Thai',13),
(365,'MŨ BẢO HIỂM LẬT CẰM',370,1,'Back/White','Thai',13),
(366,'MŨ BẢO HIỂM LẬT CẰM',335,1,'Back/White','Thai',13),
(367,'MŨ BẢO HIỂM LẬT CẰM',335,1,'Black','Thai',13),
(368,'MŨ BẢO HIỂM LẬT CẰM',175,1,'Black','Thai',13),
(369,'MŨ BẢO HIỂM LẬT CẰM',175,1,'Black','Japan',13),
(370,'MŨ BẢO HIỂM LẬT CẰM',175,1,'Black','Japan',13),
(371,'MŨ BẢO HIỂM LẬT CẰM',370,1,'Black','Japan',13),
(372,'MŨ BẢO HIỂM LẬT CẰM ROYAL ',90,1,'White','Japan',13),
(373,'MŨ BẢO HIỂM LẬT CẰM ROYAL ',90,1,'White','Japan',13),
(374,'MŨ BẢO HIỂM LẬT CẰM ROYAL ',130,1,'White','Japan',13),
(375,'MŨ BẢO HIỂM LẬT CẰM ROYAL ',130,1,'Black','Japan',13),
(376,'MŨ BẢO HIỂM LẬT CẰM ROYAL ',130,1,'Black','UK',13),
(377,'MŨ BẢO HIỂM LẬT CẰM ROYAL ',130,1,'Organ','UK',13),
(378,'MŨ BẢO HIỂM LẬT CẰM ROYAL ',130,1,'Red','UK',13),
(379,'MŨ BẢO HIỂM LẬT CẰM ROYAL ',90,1,'White','UK',13),
(380,'MŨ BẢO HIỂM LẬT CẰM ROYAL ',130,1,'White','USA',13),
(381,'MŨ BẢO HIỂM LẬT CẰM ROYAL ',130,1,'White','USA',13),
(382,'MŨ BẢO HIỂM LẬT CẰM ROYAL ',370,1,'White','USA',13),
(383,'MŨ BẢO HIỂM LẬT CẰM ROYAL ',370,1,'White','USA',13),
(384,'MŨ BẢO HIỂM LẬT CẰM ROYAL ',355,1,'White','USA',13),
(385,'MŨ BẢO HIỂM LẬT CẰM ROYAL ',370,1,'White','USA',13),
(386,'MŨ BẢO HIỂM LẬT HÀM',420,1,'White','Thai',13),
(387,'MŨ BẢO HIỂM LẬT HÀM',370,1,'White','Thai',13),
(388,'MŨ BẢO HIỂM LẬT HÀM',370,1,'Black','Thai',13),
(389,'MŨ BẢO HIỂM FULLFACE LẬT HÀM ',125,1,'White','Thai',13),
(390,'MŨ BẢO HIỂM FULLFACE LẬT HÀM ',265,1,'Black','Thai',13),
(391,'MŨ BẢO HIỂM FULLFACE LẬT HÀM ',120,1,'Black','Thai',13),
(392,'MŨ BẢO HIỂM LẬT CẰM',450,1,'White/Red','Japan',13),
(393,'MŨ BẢO HIỂM LẬT CẰM',160,1,'Red','Japan',13),
(394,'MŨ BẢO HIỂM LẬT CẰM',640,1,'Yellow/Red','Japan',13),
(395,'MŨ BẢO HIỂM LẬT CẰM',370,1,'Black','Japan',13),
(396,'MŨ BẢO HIỂM MOTO ',520,1,'Black','Japan',13),
(397,'MŨ BẢO HIỂM OFF ROAD',374,1,'Black','Japan',14),
(398,'MŨ BẢO HIỂM OFF ROAD',374,1,'Black','Japan',14),
(399,'MŨ BẢO HIỂM OFF ROAD',337,1,'Black','Japan',14),
(400,'MŨ BẢO HIỂM OFF ROAD',337,1,'Black','Japan',14),
(401,'MŨ BẢO HIỂM OFF ROAD',200,1,'Yellow','Japan',14),
(402,'MŨ BẢO HIỂM OFF ROAD',250,1,'Red','Japan',14),
(403,'MŨ OFF ROAD - CÀO CÀO',250,1,'White','USA',14),
(404,'MŨ OFF ROAD - CÀO CÀO',250,1,'Black','USA',14),
(405,'MŨ OFF ROAD - CÀO CÀO',140,1,'White','USA',14),
(406,'MŨ OFF ROAD - CÀO CÀO',140,1,'White','USA',14),
(407,'MŨ OFF ROAD - CÀO CÀO',140,1,'Black','USA',14),
(408,'MŨ 3/4 SCORPION EXO-100',365,1,'White','Japan',15),
(409,'MŨ 3/4 SCORPION EXO-100',318,1,'Black','Japan',15),
(410,'MŨ 3/4 GIVI DUHO ',68,1,'Pink','Japan',15),
(411,'MŨ 3/4 GIVI DUHO ',68,1,'Black/Blue','Japan',15),
(412,'MŨ 3/4 GIVI DUHO ',90,1,'Black/Red','Japan',15),
(413,'MŨ 3/4 GIVI DUHO ',90,1,'White/Red','Japan',15),
(414,'MŨ 3/4 GIVI DUHO',68,1,'Black','USA',15),
(415,'MŨ 3/4 GIVI DUHO',68,1,'Green','USA',15),
(416,'MŨ BẢO HIỂM 3/4 HJC',142,1,'Black','USA',15),
(417,'MŨ BẢO HIỂM 3/4 HJC',142,1,'White','USA',15),
(418,'MŨ CAFE RACER',255,1,'Black','USA',15),
(419,'MŨ 3/4 YOHE 2 KÍNH',90,1,'Black','USA',15),
(420,'MŨ 3/4 YOHE 2 KÍNH ',90,1,'Black','Thai',15),
(421,'MŨ 3/4 YOHE 2 KÍNH ',90,1,'Black','Thai',15),
(422,'MŨ 3/4 YOHE 2 KÍNH ',90,1,'Black','Thai',15),
(423,'MŨ 3/4 YOHE 2 KÍNH ',90,1,'White','Thai',15),
(424,'MŨ 3/4 YOHE 2 KÍNH ',90,1,'White','Thai',15),
(425,'MŨ 3/4 YOHE 2 KÍNH ',90,1,'White','Thai',15),
(426,'MŨ BẢO HIỂM 3/4 2 KÍNH',175,1,'Red','VN',15),
(427,'MŨ BẢO HIỂM 3/4 2 KÍNH',175,1,'Red','VN',15),
(428,'MŨ BẢO HIỂM 3/4 2 KÍNH',175,1,'Blue','VN',15),
(429,'MŨ BẢO HIỂM 3/4 2 KÍNH',175,1,'Black/Red','VN',15),
(430,'MŨ 3/4 ROYAL',45,1,'White','VN',15),
(431,'MŨ 3/4 ROYAL',45,1,'White','VN',15),
(432,'MŨ 3/4 YOHE 2 KÍNH',90,1,'Black','UK',15),
(433,'MŨ 3/4 YOHE 2 KÍNH',90,1,'Black','UK',15),
(434,'MŨ 3/4 ROYAL',45,1,'Black','UK',15),
(435,'MŨ 3/4 YOHE 2 KÍNH',90,1,'Black','UK',15),
(436,'MŨ 3/4 ROYAL',45,1,'Red','UK',15),
(437,'MŨ 3/4 ROYAL',68,1,'Black','UK',15),
(438,'MŨ 3/4 ROYAL',45,1,'Black','UK',15),
(439,'MŨ CAFE RACER ',255,1,'Black','UK',15),
(440,'MŨ BẢO HIỂM 3/4 SHARK ',390,1,'Black','UK',15),
(441,'MŨ BẢO HIỂM 3/4 SHARK',390,1,'Black','Thai',15),
(442,'MŨ CAFE RACER 3/4 ',255,1,'Black','Thai',15),
(443,'MŨ CAFE RACER 3/4 ',255,1,'Black','Thai',15),
(444,'MŨ CAFE RACER 3/4',255,1,'Black','Thai',15),
(445,'MŨ CAFE RACER 3/4',255,1,'Black','Thai',15),
(446,'MŨ CAFE RACER 3/4',255,1,'Red/White','Thai',15),
(447,'MŨ CAFE RACER 3/4',255,1,'Black','Thai',15),
(448,'MŨ CAFE RACER 3/4',255,1,'White','Thai',15),
(449,'MŨ CAFE RACER 3/4',255,1,'Black','Thai',15),
(450,'MŨ BẢO HIỂM 3/4 2 KÍNH',230,1,'Black','USA',15),
(451,'MŨ CAFE RACER 3/4 HJC',255,1,'Black','USA',15),
(452,'MŨ BẢO HIỂM 3/4 GIVI',180,1,'Black','USA',15),
(453,'MŨ BẢO HIỂM 3/4 GIVI ',180,1,'Black','USA',15),
(454,'MŨ BẢO HIỂM 3/4 2 KÍNH BULLDOG ',175,1,'White','USA',15),
(455,'MŨ BẢO HIỂM 3/4 2 KÍNH BULLDOG ',175,1,'White','USA',15),
(456,'MŨ BẢO HIỂM 3/4 2 KÍNH BULLDOG ',175,1,'Black','UK',15),
(457,'MŨ BẢO HIỂM 3/4 2 KÍNH BULLDOG ',175,1,'Black','UK',15),
(458,'MŨ BẢO HIỂM 3/4 2 KÍNH BULLDOG ',175,1,'Black','UK',15),
(459,'MŨ BẢO HIỂM 3/4 2 KÍNH BULLDOG ',175,1,'Black','UK',15),
(460,'MŨ BẢO HIỂM 3/4 2 KÍNH BULLDOG ',175,1,'Black','UK',15),
(461,'MŨ BẢO HIỂM 3/4 OWL',155,1,'Black','UK',15),
(462,'MŨ BẢO HIỂM 3/4 ',125,1,'Black','UK',15),
(463,'MŨ BẢO HIỂM 3/4 ',125,1,'Black','UK',15),
(464,'MŨ BẢO HIỂM 3/4 ',300,1,'Black','UK',15),
(465,'MŨ BẢO HIỂM 3/4 HJC',155,1,'White','UK',15),
(466,'MŨ BẢO HIỂM 3/4 HJC',142,1,'White','UK',15),
(467,'MŨ BẢO HIỂM 3/4 HJC',142,1,'Black','UK',15),
(468,'MŨ BẢO HIỂM 3/4 HJC',155,1,'Black','Japan',15),
(469,'MŨ BẢO HIỂM 3/4 HJC',154,1,'Black','Japan',15),
(470,'MŨ BẢO HIỂM 3/4 HJC',145,1,'Black','Japan',15),
(471,'MŨ BẢO HIỂM 3/4 HJC',200,1,'Red','Japan',15),
(472,'MŨ BẢO HIỂM 3/4 HJC',165,1,'Black','Japan',15),
(473,'MŨ BẢO HIỂM 3/4 HJC',170,1,'White','Japan',15),
(474,'MŨ BẢO HIỂM 3/4 HJC',155,1,'White','Japan',15),
(475,'MŨ BẢO HIỂM 3/4 HJC',166,1,'Black','Japan',15),
(476,'MŨ BẢO HIỂM 3/4 HJC',150,1,'White','Japan',15),
(477,'MŨ BẢO HIỂM 3/4 AGV BLADE ',300,1,'Black','Japan',15),
(478,'MŨ BẢO HIỂM 3/4 2 KÍNH ZEUS ',180,1,'White','Japan',15),
(479,'MŨ BẢO HIỂM 3/4 2 KÍNH ZEUS ',250,1,'White','Japan',15),
(480,'MŨ 3/4 YOHE 2 KÍNH',90,1,'Black','UK',15),
(481,'MŨ 3/4 YOHE 2 KÍNH',250,1,'Black','UK',15),
(482,'MŨ 3/4 YOHE 2 KÍNH',60,1,'Black','UK',15),
(483,'NÓN BẢO HIỂM BAROCK ',70,1,'White','UK',15),
(484,'NÓN BẢO HIỂM BAROCK ',125,1,'Organ','UK',15),
(485,'NÓN BẢO HIỂM BAROCK ',450,1,'Blue','UK',15),
(486,'NÓN BẢO HIỂM BAROCK ',260,1,'White','UK',15),
(487,'NÓN BẢO HIỂM BAROCK ',140,1,'White','UK',15),
(488,'NÓN BẢO HIỂM BAROCK ',110,1,'Black','UK',15),
(489,'NÓN BẢO HIỂM BAROCK',185,1,'Black','USA',15),
(490,'MŨ BẢO HIỂM GIVI 3/4',250,1,'Black','USA',15),
(491,'MŨ BẢO HIỂM GIVI 3/4',152,1,'White','USA',15),
(492,'MŨ BẢO HIỂM ZEUS 3/4',250,1,'Black','USA',15),
(493,'NÓN BẢO HIỂM GIVI',250,1,'White','USA',15),
(494,'MŨ BẢO HIỂM 3/4 BULLDOG',50,1,'Black','Thai',16),
(495,'MŨ BẢO HIỂM 3/4 BULLDOG',50,1,'Black','Thai',16),
(496,'MŨ BẢO HIỂM 3/4 BULLDOG',50,1,'White','Thai',16),
(497,'MŨ BẢO HIỂM 3/4 BULLDOG',60,1,'Black','Thai',16),
(498,'MŨ BẢO HIỂM 3/4 ANDES ',50,1,'Black','Thai',16),
(499,'MŨ BẢO HIỂM 3/4 BULLDOG',60,1,'Black','Thai',16),
(500,'MŨ BẢO HIỂM 3/4 BULLDOG',70,1,'Pink','Japan',16),
(501,'MŨ BẢO HIỂM 3/4 BULLDOG',70,1,'White','Japan',16),
(502,'MŨ BẢO HIỂM 3/4 BULLDOG',70,1,'White','Japan',16),
(503,'MŨ BẢO HIỂM 3/4 BULLDOG',60,1,'Green','Japan',16),
(504,'MŨ BẢO HIỂM 3/4 BULLDOG',60,1,'Black','Japan',16),
(505,'MŨ BẢO HIỂM 3/4 BULLDOG',70,1,'Black','Japan',16),
(506,'MŨ BẢO HIỂM 3/4 BULLDOG',60,1,'Red','USA',16),
(507,'MŨ BẢO HIỂM 3/4 BULLDOG',60,1,'Organ','USA',16),
(508,'MŨ BẢO HIỂM 3/4 BULLDOG',60,1,'White','USA',16),
(509,'MŨ BẢO HIỂM 3/4 BULLDOG',60,1,'Black','USA',16),
(510,'MŨ BẢO HIỂM 3/4 ROYAL',35,1,'purple','Thai',17),
(511,'MŨ BẢO HIỂM 3/4 ROYAL',35,1,'Brown','Thai',17),
(512,'MŨ BẢO HIỂM 3/4 ROYAL',35,1,'Brown','Thai',17),
(513,'MŨ BẢO HIỂM 3/4 ROYAL',35,1,'Pink','Thai',17),
(514,'MŨ BẢO HIỂM 3/4 ROYAL',35,1,'Pink','Thai',17),
(515,'MŨ BẢO HIỂM 3/4 ROYAL',35,1,'Red','Thai',17),
(516,'MŨ BẢO HIỂM 3/4 ROYAL',35,1,'Orange','Japan',17),
(517,'MŨ BẢO HIỂM 3/4 ROYAL',35,1,'Orange','Japan',17),
(518,'MŨ BẢO HIỂM 3/4 ROYAL',35,1,'Green','Japan',17),
(519,'MŨ BẢO HIỂM 3/4 ROYAL',35,1,'Green','Japan',17),
(520,'MŨ BẢO HIỂM 3/4 ROYAL',35,1,'White','Japan',17),
(521,'MŨ BẢO HIỂM 3/4 ROYAL',35,1,'White','Japan',17),
(522,'MŨ BẢO HIỂM 3/4 ROYA',35,1,'Black','UK',17),
(523,'MŨ BẢO HIỂM 3/4 ROYA',35,1,'Pink','UK',17),
(524,'MŨ BẢO HIỂM 3/4 ROYA',35,1,'Red','UK',17),
(525,'MŨ BẢO HIỂM 3/4 ROYA',35,1,'Pink','UK',17),
(526,'MŨ BẢO HIỂM 3/4 ROYA',35,1,'Black','UK',17),
(527,'MŨ BẢO HIỂM 3/4 ROYA',35,1,'Black','UK',17),
(528,'MŨ BẢO HIỂM 3/4 ROYA',35,1,'Black','UK',17),
(529,'MŨ BẢO HIỂM 3/4 ROYA',35,1,'Red','UK',17),
(530,'MŨ BẢO HIỂM 3/4 ROYA',35,1,'Pink','UK',17),
(531,'MŨ BẢO HIỂM 3/4 ROYA',35,1,'White','UK',17),
(532,'MŨ BẢO HIỂM 3/4 ROYA',35,1,'White','UK',17),
(533,'MŨ BẢO HIỂM 3/4 ROYA',35,1,'Yellow','UK',17),
(534,'MŨ BẢO HIỂM 3/4 ROYAL',35,1,'Green','USA',17),
(535,'MŨ BẢO HIỂM 3/4 ROYAL',35,1,'White','USA',17),
(536,'MŨ BẢO HIỂM 3/4 ROYAL',35,1,'White','USA',17),
(537,'MŨ BẢO HIỂM 3/4 ROYAL',35,1,'Yellow','USA',17),
(538,'MŨ BẢO HIỂM 3/4 ROYAL',35,1,'Blue','USA',17),
(539,'MŨ BẢO HIỂM 3/4  ASIA ',19,1,'Black','Japan',18),
(540,'MŨ BẢO HIỂM 3/4  ASIA ',19,1,'Black','Japan',18),
(541,'MŨ BẢO HIỂM 3/4  ASIA ',19,1,'Black','Japan',18),
(542,'MŨ BẢO HIỂM 3/4  ASIA ',19,1,'Black','Japan',18),
(543,'MŨ BẢO HIỂM 3/4  ASIA ',19,1,'Black','Japan',18),
(544,'MŨ BẢO HIỂM 3/4  ASIA ',19,1,'Prink','Japan',18),
(545,'MŨ BẢO HIỂM 3/4  ASIA ',19,1,'Red','Japan',18),
(546,'MŨ BẢO HIỂM 3/4  ASIA ',19,1,'Black','Japan',18),
(547,'MŨ BẢO HIỂM 3/4  ASIA ',19,1,'Black','Japan',18),
(548,'MŨ BẢO HIỂM 3/4  ASIA ',19,1,'Black','Japan',18),
(549,'MŨ BẢO HIỂM 3/4  ASIA ',19,1,'Black','Japan',18),
(550,'MŨ BẢO HIỂM 3/4  ASIA ',19,1,'Black','Japan',18),
(551,'MŨ BẢO HIỂM 3/4  ASIA ',19,1,'Black','Japan',18),
(552,'MŨ BẢO HIỂM 3/4  ASIA ',19,1,'Orange','Japan',18),
(553,'MŨ BẢO HIỂM 3/4  ASIA ',19,1,'Black','Thai',18),
(554,'MŨ BẢO HIỂM 3/4  ASIA ',19,1,'Black','Thai',18),
(555,'MŨ BẢO HIỂM 3/4  ASIA ',19,1,'Black','Thai',18),
(556,'MŨ BẢO HIỂM 3/4  ASIA ',19,1,'Black','Thai',18),
(557,'MŨ BẢO HIỂM 3/4  ASIA ',19,1,'Black','Thai',18),
(558,'MŨ BẢO HIỂM 3/4  ASIA ',19,1,'Black','Thai',18),
(559,'MŨ BẢO HIỂM 3/4  ASIA ',19,1,'Black','Thai',18),
(560,'MŨ BẢO HIỂM 3/4 DAMMTRAX',50,1,'Red','Japan',19),
(561,'MŨ BẢO HIỂM 3/4 DAMMTRAX',65,1,'Purple','Japan',19),
(562,'MŨ BẢO HIỂM 3/4 DAMMTRAX',65,1,'White','Japan',19),
(563,'MŨ BẢO HIỂM 3/4 DAMMTRAX',50,1,'White','Japan',19),
(564,'MŨ BẢO HIỂM 3/4 DAMMTRAX',50,1,'Orange','Japan',19),
(565,'MŨ BẢO HIỂM 3/4 DAMMTRAX',65,1,'Black','Japan',19),
(566,'MŨ BẢO HIỂM 3/4 DAMMTRAX',50,1,'Black','Thai',19),
(567,'MŨ BẢO HIỂM 3/4 DAMMTRAX',65,1,'Black','Thai',19),
(568,'MŨ BẢO HIỂM 3/4 DAMMTRAX',50,1,'Black','Thai',19),
(569,'MŨ BẢO HIỂM 3/4 DAMMTRAX',50,1,'Blue','Thai',19),
(570,'MŨ BẢO HIỂM 3/4 DAMMTRAX',65,1,'Green','Thai',19),
(571,'MŨ BẢO HIỂM 3/4 DAMMTRAX',65,1,'Yellow','Thai',19),
(572,'MŨ BẢO HIỂM 3/4 DAMMTRAX',50,1,'Yellow','Thai',19),
(573,'MŨ BẢO HIỂM 3/4 DAMMTRAX',50,1,'Blue','UK',19),
(574,'MŨ BẢO HIỂM 3/4 DAMMTRAX',65,1,'White','UK',19),
(575,'MŨ BẢO HIỂM 3/4 DAMMTRAX',55,1,'White','UK',19),
(576,'MŨ BẢO HIỂM 3/4 DAMMTRAX',60,1,'White','UK',19),
(577,'MŨ BẢO HIỂM 3/4 DAMMTRAX',55,1,'White','UK',19),
(578,'MŨ BẢO HIỂM 3/4 DAMMTRAX',65,1,'Purple','UK',19),
(579,'MŨ BẢO HIỂM 3/4 DAMMTRAX',55,1,'Yellow','USA',19),
(580,'MŨ BẢO HIỂM 3/4 DAMMTRAX',60,1,'Black','USA',19),
(581,'MŨ BẢO HIỂM 3/4 DAMMTRAX',70,1,'Purple','USA',19),
(582,'MŨ BẢO HIỂM 3/4 DAMMTRAX',56,1,'White','USA',19),
(583,'MŨ BẢO HIỂM 3/4 DAMMTRAX',65,1,'Black','USA',19),
(584,'MŨ BẢO HIỂM 3/4 DAMMTRAX ',65,1,'Black','Japan',19),
(585,'MŨ BẢO HIỂM 3/4 DAMMTRAX ',50,1,'Black','Japan',19),
(586,'MŨ BẢO HIỂM 3/4 DAMMTRAX ',56,1,'Black','Japan',19),
(587,'MŨ BẢO HIỂM 3/4 DAMMTRAX ',50,1,'Black','Japan',19),
(588,'MŨ BẢO HIỂM 3/4 DAMMTRAX ',65,1,'Black','Japan',19),
(589,'MŨ BẢO HIỂM 3/4 DAMMTRAX ',55,1,'Black','Japan',19),
(590,'MŨ BẢO HIỂM 3/4 DAMMTRAX ',56,1,'Black','Japan',19),
(591,'MŨ BẢO HIỂM 3/4 DAMMTRAX ',65,1,'Black','Thai',19),
(592,'MŨ BẢO HIỂM 3/4 DAMMTRAX ',70,1,'Orange','Thai',19),
(593,'MŨ BẢO HIỂM 3/4 DAMMTRAX ',51,1,'Red','Thai',19),
(594,'MŨ BẢO HIỂM 3/4 DAMMTRAX ',50,1,'Black','Thai',19),
(595,'MŨ BẢO HIỂM 3/4 DAMMTRAX ',53,1,'Black','Thai',19),
(596,'MŨ BẢO HIỂM 3/4 DAMMTRAX ',56,1,'Black','Thai',19),
(597,'MŨ BẢO HIỂM 3/4 DAMMTRAX ',50,1,'Black','Thai',19),
(598,'MŨ BẢO HIỂM 3/4 DAMMTRAX ',54,1,'White','USA',19),
(599,'MŨ BẢO HIỂM 3/4 DAMMTRAX ',52,1,'Oragen','USA',19),
(600,'MŨ BẢO HIỂM 3/4 DAMMTRAX ',53,1,'White','USA',19),
(601,'MŨ BẢO HIỂM 3/4 DAMMTRAX ',50,1,'Black','USA',19),
(602,'MŨ BẢO HIỂM 3/4 DAMMTRAX ',60,1,'Orange','USA',19),
(603,'MŨ BẢO HIỂM 3/4 DAMMTRAX ',61,1,'Black','USA',19),
(604,'MŨ BẢO HIỂM 3/4 DAMMTRAX ',65,1,'White','USA',19),
(605,'MŨ BẢO HIỂM 3/4 DAMMTRAX ',66,1,'Black','USA',19),
(606,'MŨ BẢO HIỂM 3/4 DAMMTRAX ',65,1,'Black','USA',19),
(607,'MŨ BẢO HIỂM 3/4 DAMMTRAX ',50,1,'Pink','USA',19),
(608,'MŨ BẢO HIỂM 3/4 DAMMTRAX',50,1,'White','Thai',19),
(609,'MŨ BẢO HIỂM 3/4 DAMMTRAX',65,1,'Black','Thai',19),
(610,'MŨ BẢO HIỂM 3/4 DAMMTRAX',50,1,'Black','Thai',19),
(611,'MŨ BẢO HIỂM 3/4 DAMMTRAX',65,1,'Red','Thai',19),
(612,'MŨ BẢO HIỂM 3/4 DAMMTRAX',70,1,'Orange','Thai',19),
(613,'MŨ BẢO HIỂM 3/4 DAMMTRAX',56,1,'Black','Thai',19),
(614,'MŨ BẢO HIỂM 3/4 DAMMTRAX',65,1,'Red','Thai',19),
(615,'MŨ BẢO HIỂM 3/4 DAMMTRAX',54,1,'Black','Thai',19),
(616,'MŨ BẢO HIỂM 3/4 DAMMTRAX',45,1,'Black','Thai',19),
(617,'MŨ BẢO HIỂM 3/4 DAMMTRAX',50,1,'Green','Thai',19),
(618,'MŨ BẢO HIỂM 3/4 DAMMTRAX',65,1,'White','Thai',19),
(619,'MŨ BẢO HIỂM 3/4 DAMMTRAX',50,1,'White','Thai',19),
(620,'MŨ BẢO HIỂM 3/4 DAMMTRAX',50,1,'Black','Thai',19),
(621,'MŨ BẢO HIỂM 1/2 LOTO GIVI ',41,1,'White','Thai',20),
(622,'MŨ BẢO HIỂM 1/2 LOTO GIVI ',41,1,'White','Thai',20),
(623,'MŨ BẢO HIỂM 1/2 LOTO GIVI ',46,1,'White','Thai',20),
(624,'MŨ BẢO HIỂM 1/2 LOTO GIVI ',41,1,'Black','Thai',20),
(625,'MŨ BẢO HIỂM 1/2 LOTO GIVI ',46,1,'Black','Thai',20),
(626,'MŨ BẢO HIỂM 1/2 LOTO GIVI ',46,1,'Black','Thai',20),
(627,'TÚI ĐỂ BÌNH XĂNG GIVI ',258,1,'Black','Japan',21),
(628,'TÚI ĐỂ BÌNH XĂNG GIVI ',198,1,'Black','Japan',21),
(629,'TÚI ĐỂ BÌNH XĂNG GIVI ',132,1,'Black','Japan',21),
(630,'TÚI ĐỂ BÌNH XĂNG GIVI ',140,1,'Black','Japan',21),
(631,'TÚI ĐỂ BÌNH XĂNG GIVI ',148,1,'Black','Japan',21),
(632,'TÚI ĐỂ BÌNH XĂNG GIVI ',63,1,'Black','Japan',21),
(633,'TÚI ĐỂ BÌNH XĂNG GIVI ',220,1,'Black','Japan',21),
(634,'TÚI ĐỂ BÌNH XĂNG GIVI ',170,1,'Black','Japan',21),
(635,'TÚI ĐỂ BÌNH XĂNG GIVI ',87,1,'Black','Japan',21),
(636,'TÚI ĐỂ BÌNH XĂNG GIVI ',235,1,'Black','Japan',21),
(637,'BA LÔ CHỐNG NƯỚC GIVI',85,1,'White','Thai',22),
(638,'BALO CHỐNG NƯỚC OXFORD ',221,1,'Black','Thai',22),
(639,'BALO CHỐNG NƯỚC OXFORD ',221,1,'Black','Thai',22),
(640,'BALO CHỐNG NƯỚC OXFORD ',187,1,'Black','Thai',22),
(641,'BALO CHỐNG NƯỚC OXFORD ',187,1,'White','Thai',22),
(642,'BALO CHỐNG NƯỚC OXFORD ',221,1,'Yellow','Thai',22),
(643,'BALO CHỐNG NƯỚC OXFORD',221,1,'White','Japan',22),
(644,'BALO CHỐNG NƯỚC FIRSTGEAR ',221,1,'Black','Japan',22),
(645,'BALO CHỐNG NƯỚC FIRSTGEAR ',221,1,'Black','Japan',22),
(646,'BALO CHỐNG NƯỚC FIRSTGEAR ',221,1,'Black','Japan',22),
(647,'BALO GIVI XS317',168,1,'Black','Japan',22),
(648,'BALO CHỐNG THẤM NƯỚC',221,1,'Black','Japan',22),
(649,'BALO CHỐNG THẤM NƯỚC',221,1,'Black','USA',22),
(650,'BALO CHỐNG THẤM NƯỚC',231,1,'Black','USA',22),
(651,'BALO CHỐNG THẤM NƯỚC',123,1,'Black','USA',22),
(652,'BALO CHỐNG THẤM NƯỚC',321,1,'Black','USA',22),
(653,'BALO CHỐNG THẤM NƯỚC',212,1,'Black','USA',22),
(654,'BALO CHỐNG THẤM NƯỚC',222,1,'Yellow','USA',22),
(655,'BALO CHỐNG THẤM NƯỚC',112,1,'Red','UK',22),
(656,'BALO CHỐNG THẤM NƯỚC',80,1,'Black','UK',22),
(657,'BALO CHỐNG THẤM NƯỚC',113,1,'Black','UK',22),
(658,'BALO CHỐNG THẤM NƯỚC',112,1,'Black','UK',22),
(659,'BALO CHỐNG THẤM NƯỚC',112,1,'Black','UK',22),
(660,'BALO CHỐNG THẤM NƯỚC',112,1,'Black','UK',22),
(661,'BALO CHỐNG THẤM NƯỚC',112,1,'Black','UK',22),
(662,'BALO CHỐNG THẤM NƯỚC',221,1,'Black','UK',22),
(663,'BALO CHỐNG THẤM NƯỚC',222,1,'Black','UK',22),
(664,'TÚI ĐEO BỤNG CHỐNG NƯỚC',450,1,'Black','Thai',23),
(665,'TÚI IPAD GIVI QB03',250,1,'Black','Thai',23),
(666,'TÚI IPAD GIVI QB03',250,1,'Black','Thai',23),
(667,'TÚI ĐEO HÔNG',450,1,'Black','Thai',23),
(668,'TÚI ĐEO HÔNG',400,1,'Black','Thai',23),
(669,'TÚI ĐEO HÔNG',400,1,'Black','Thai',23),
(670,'TÚI TREO HÔNG 2 BÊN XE MOTO ',490,1,'Black','Japan',23),
(671,'TÚI ĐỰNG ĐỒ SAU XE GIVI XS313',140,1,'Black','Japan',23),
(672,'TÚI TREO HÔNG 2 BÊN XE MOTO ',490,1,'Black','Japan',23),
(673,'TÚI TREO HÔNG 2 BÊN XE MOTO ',490,1,'Black','Japan',23),
(674,'TÚI ĐEO ĐÙI KOMINE ',43,1,'Black','Japan',23),
(675,'TÚI ĐEO ĐÙI ALPINESTAR',46,1,'Black','Japan',23),
(676,'TÚI ĐEO ĐÙI ALPINESTAR ',40,1,'Black','USA',23),
(677,'TÚI TREO HÔNG 2 BÊN MOTO ',190,1,'Black','USA',23),
(678,'TÚI TREO HÔNG MOTO TANKED',105,1,'Black','USA',23),
(679,'TÚI ĐEO BỤNG CHỐNG NƯỚC GIVI ',74,1,'Black','USA',23),
(680,'TÚI ĐỰNG IPAD GIVI BQ01',25,1,'Black','USA',23),
(681,'TÚI ĐEO BỤNG GIVI RWB01',59,1,'Black','USA',23),
(682,'TÚI ĐEO HÔNG GIVI',56,1,'Black','USA',23),
(683,'TÚI ĐEO HÔNG GIVI RWB02',70,1,'Black','USA',23),
(684,'ĐÈN PIN ĐEO TRÁN DÙNG ĐI PHƯỢT',15,1,'Black','Thai',24),
(685,'ĐÈN PIN ĐEO TRÁN DÙNG ĐI PHƯỢT',15,1,'Black','Thai',24),
(686,'ĐÈN PIN DÙNG ĐI PHƯỢT SIÊU SÁNG',30,1,'Black','Thai',24),
(687,'ĐÈN PIN DÙNG ĐI PHƯỢT SIÊU SÁNG',28,1,'Black','Thai',24),
(688,'ĐÈN PIN DÙNG ĐI PHƯỢT SIÊU SÁNG',250,1,'Black','Thai',24),
(689,'DÂY PHẢN QUANG ',8,1,'Orange','Thai',25),
(690,'DÂY PHẢN QUANG ',30,1,'Yellow','Thai',25),
(691,'DÂY PHẢN QUANG ',8,1,'Blue','Thai',25),
(692,'BAO CÁNH TAY CHỐNG NẮNG',5,1,'Black','Thai',25),
(693,'TRÙM ĐẦU NINJA ALPINESTAR',5,1,'Black','Thai',25),
(694,'KHĂN ĐA NĂNG',2,1,'Many','Thai',25),
(695,'GĂNG TAY HÌNH XĂM',2,1,'Many','Thai',25),
(696,'ÁO PHẢN QUANG GIVI',43,1,'Black','Thai',25),
(697,'BAO TRÙM ĐẦU HU01',8,1,'Black','Thai',25),
(698,'BAO CÁNH TAY GIVI BS01DG',20,1,'Black','Thai',25),
(699,'ÁO BẢO HỘ BV01',23,1,'Orange','Thai',25),
(700,'AO PHAN QUANG DI TOUR',42,1,'Yellow','Thai',25),
(701,'THÙNG GIVI E43NML',852,1,'Black','UK',1);

/*Table structure for table `role` */

DROP TABLE IF EXISTS `role`;

CREATE TABLE `role` (
  `id` bigint(20) unsigned NOT NULL AUTO_INCREMENT,
  `role` varchar(250) DEFAULT NULL,
  PRIMARY KEY (`id`)
) ENGINE=InnoDB AUTO_INCREMENT=3 DEFAULT CHARSET=utf8mb4;

/*Data for the table `role` */

insert  into `role`(`id`,`role`) values 
(1,'ADMIN'),
(2,'CUSTOM');

/*Table structure for table `social_product` */

DROP TABLE IF EXISTS `social_product`;

CREATE TABLE `social_product` (
  `product_id` bigint(20) unsigned NOT NULL,
  `social_name` varchar(20) NOT NULL,
  `social_post_id` varchar(64) NOT NULL,
  `created_at` datetime DEFAULT NULL,
  PRIMARY KEY (`social_name`,`social_post_id`),
  KEY `productId` (`product_id`),
  CONSTRAINT `social_product_ibfk_1` FOREIGN KEY (`product_id`) REFERENCES `products` (`id`) ON DELETE CASCADE ON UPDATE CASCADE
) ENGINE=InnoDB DEFAULT CHARSET=utf8mb4;

/*Data for the table `social_product` */

/*Table structure for table `social_token` */

DROP TABLE IF EXISTS `social_token`;

CREATE TABLE `social_token` (
  `user_id` bigint(20) unsigned NOT NULL,
  `token` text NOT NULL,
  `social_name` varchar(20) NOT NULL,
  `update_at` datetime NOT NULL,
  PRIMARY KEY (`user_id`),
  CONSTRAINT `social_token_ibfk_1` FOREIGN KEY (`user_id`) REFERENCES `users` (`id`) ON DELETE CASCADE ON UPDATE CASCADE
) ENGINE=InnoDB DEFAULT CHARSET=utf8mb4;

/*Data for the table `social_token` */

/*Table structure for table `user_token` */

DROP TABLE IF EXISTS `user_token`;

CREATE TABLE `user_token` (
  `id` bigint(20) unsigned NOT NULL AUTO_INCREMENT,
  `token` varchar(36) DEFAULT NULL,
  `expiry_date` datetime DEFAULT NULL,
  `user_id` bigint(20) unsigned DEFAULT NULL,
  PRIMARY KEY (`id`),
  KEY `user_id` (`user_id`),
  CONSTRAINT `user_token_ibfk_1` FOREIGN KEY (`user_id`) REFERENCES `users` (`id`) ON DELETE CASCADE ON UPDATE CASCADE
) ENGINE=InnoDB DEFAULT CHARSET=utf8mb4;

/*Data for the table `user_token` */

/*Table structure for table `users` */

DROP TABLE IF EXISTS `users`;

CREATE TABLE `users` (
  `id` bigint(20) unsigned NOT NULL AUTO_INCREMENT,
  `username` varchar(150) COLLATE utf8mb4_german2_ci DEFAULT NULL,
  `password` varchar(150) COLLATE utf8mb4_german2_ci DEFAULT NULL,
  `confirm_password` varchar(150) COLLATE utf8mb4_german2_ci DEFAULT NULL,
  `full_name` varchar(150) COLLATE utf8mb4_german2_ci DEFAULT NULL,
  `address` varchar(150) COLLATE utf8mb4_german2_ci DEFAULT NULL,
  `phone` varchar(150) COLLATE utf8mb4_german2_ci DEFAULT NULL,
  `sex` varchar(150) COLLATE utf8mb4_german2_ci DEFAULT NULL,
  `email` varchar(150) COLLATE utf8mb4_german2_ci DEFAULT NULL,
  `role_id` bigint(20) unsigned DEFAULT NULL,
  `social_id` varchar(32) COLLATE utf8mb4_german2_ci DEFAULT NULL,
  `social_name` varchar(30) COLLATE utf8mb4_german2_ci DEFAULT NULL,
  `image` varchar(150) COLLATE utf8mb4_german2_ci DEFAULT NULL,
  PRIMARY KEY (`id`),
  KEY `roleId` (`role_id`),
  CONSTRAINT `users_ibfk_1` FOREIGN KEY (`role_id`) REFERENCES `role` (`id`) ON DELETE CASCADE ON UPDATE CASCADE
) ENGINE=InnoDB AUTO_INCREMENT=5 DEFAULT CHARSET=utf8mb4 COLLATE=utf8mb4_german2_ci;

/*Data for the table `users` */

insert  into `users`(`id`,`username`,`password`,`confirm_password`,`full_name`,`address`,`phone`,`sex`,`email`,`role_id`,`social_id`,`social_name`,`image`) values 
(1,'tanduy','$2a$10$tHD5.UwzAMy9T3Na.BcUL.xzNeTPRm2H7HRQFmuU5ZOp1trNzcuri','$2a$10$5Ugs.rFAb20iqkHECv179u4CVNrlBzJb3MhNh.6t212Y/SoOQ/Z/q','Nguyễn Tấn Duy','Đà Nẵng','01654274899','Male','tanduy899@gmail.com',1,NULL,NULL,'image//image_user/duy.jpg'),
(2,'thao','$2a$10$V4Ys0KdVQwFm39HkGoT14e/v5ALBjS8EBgF/ZRZghSoMABGddwOEi','$2a$10$QCen1J7s69x5tvY4b3GxLO9UDBuJKhZtpnYoEzYJ9jd7kznHYqgze','Huỳnh Ân Thiên Thao','Đà Nẵng','0958452222','FelMale','thao899@gmail.com',2,NULL,NULL,'image//image_user/thao.jpg'),
(3,'Hieu','$2a$10$.ZdOoCegg2FTYQWeJPpuHuRo92VmXoXgUmNcm7OosOo/qCdzet4FW','$2a$10$QsTKkHMvducvedSQqEfTH.Sjsx73MNbLKjaa1beLwbw52hqQxLIwm','Huỳnh Hieu','Đà Nẵng','0958452222','FelMale','duygiru899@gmail.com',2,NULL,NULL,'image//image_user/duy.jpg'),
(4,'2222222','$2a$10$rgx0WZ.lZPBb49LtJzDqquHEVLqAbWZ7HeXBUxZRWrDpfW0uy.OjS','$2a$10$BzqnROptTaAn/OksViWvz.LToQ3JwFA3d.pd16wo4.mUqxF7j4jEi','1111111111','111111111','111111111','Male','11@gmail.com',2,NULL,NULL,NULL);

/*!40101 SET SQL_MODE=@OLD_SQL_MODE */;
/*!40014 SET FOREIGN_KEY_CHECKS=@OLD_FOREIGN_KEY_CHECKS */;
/*!40014 SET UNIQUE_CHECKS=@OLD_UNIQUE_CHECKS */;
/*!40111 SET SQL_NOTES=@OLD_SQL_NOTES */;
